gold_rule,gold_rule_label,gold_tau,source,category,gap_pp,pi_ref,pi_model,n,gold_positives
1_of_3,≥1/3,0.3333333333333333,reddit,not in my backyard,-5.33596837944664,22.134387351778656,16.798418972332016,506,112
1_of_3,≥1/3,0.3333333333333333,reddit,provide a fact or claim,-30.237154150197632,80.63241106719367,50.39525691699605,506,408
1_of_3,≥1/3,0.3333333333333333,reddit,express their opinion,-0.5928853754940677,90.51383399209486,89.9209486166008,506,458
1_of_3,≥1/3,0.3333333333333333,reddit,harmful generalization,-16.40316205533597,37.74703557312253,21.34387351778656,506,191
2_of_3,≥2/3,0.6666666666666666,reddit,not in my backyard,10.869565217391305,5.928853754940711,16.798418972332016,506,30
2_of_3,≥2/3,0.6666666666666666,reddit,provide a fact or claim,-5.928853754940711,56.32411067193676,50.39525691699605,506,285
2_of_3,≥2/3,0.6666666666666666,reddit,express their opinion,11.660079051383399,78.26086956521739,89.9209486166008,506,396
2_of_3,≥2/3,0.6666666666666666,reddit,harmful generalization,7.707509881422925,13.636363636363635,21.34387351778656,506,69
1_of_3,≥1/3,0.3333333333333333,news,not in my backyard,0.523560209424084,1.5706806282722512,2.094240837696335,382,6
1_of_3,≥1/3,0.3333333333333333,news,provide a fact or claim,-9.685863874345547,97.90575916230367,88.21989528795811,382,374
1_of_3,≥1/3,0.3333333333333333,news,express their opinion,-11.256544502617805,38.21989528795812,26.96335078534031,382,146
1_of_3,≥1/3,0.3333333333333333,news,harmful generalization,-1.5706806282722516,6.544502617801047,4.973821989528796,382,25
2_of_3,≥2/3,0.6666666666666666,news,not in my backyard,2.094240837696335,0.0,2.094240837696335,382,0
2_of_3,≥2/3,0.6666666666666666,news,provide a fact or claim,-5.235602094240832,93.45549738219894,88.21989528795811,382,357
2_of_3,≥2/3,0.6666666666666666,news,express their opinion,10.732984293193715,16.230366492146597,26.96335078534031,382,62
2_of_3,≥2/3,0.6666666666666666,news,harmful generalization,3.926701570680628,1.0471204188481675,4.973821989528796,382,4
1_of_3,≥1/3,0.3333333333333333,meeting_minutes,not in my backyard,0.5494505494505496,5.21978021978022,5.769230769230769,364,19
1_of_3,≥1/3,0.3333333333333333,meeting_minutes,provide a fact or claim,-35.98901098901099,99.45054945054946,63.46153846153846,364,362
1_of_3,≥1/3,0.3333333333333333,meeting_minutes,express their opinion,-12.362637362637363,84.61538461538461,72.25274725274726,364,308
1_of_3,≥1/3,0.3333333333333333,meeting_minutes,harmful generalization,-9.340659340659341,11.263736263736265,1.9230769230769231,364,41
2_of_3,≥2/3,0.6666666666666666,meeting_minutes,not in my backyard,4.670329670329671,1.098901098901099,5.769230769230769,364,4
2_of_3,≥2/3,0.6666666666666666,meeting_minutes,provide a fact or claim,-32.96703296703297,96.42857142857143,63.46153846153846,364,351
2_of_3,≥2/3,0.6666666666666666,meeting_minutes,express their opinion,13.736263736263732,58.51648351648352,72.25274725274726,364,213
2_of_3,≥2/3,0.6666666666666666,meeting_minutes,harmful generalization,-0.2747252747252748,2.197802197802198,1.9230769230769231,364,8
1_of_3,≥1/3,0.3333333333333333,x,not in my backyard,-3.070175438596491,9.649122807017543,6.578947368421052,456,44
1_of_3,≥1/3,0.3333333333333333,x,provide a fact or claim,-44.73684210526315,98.68421052631578,53.94736842105263,456,450
1_of_3,≥1/3,0.3333333333333333,x,express their opinion,-4.1666666666666625,72.58771929824562,68.42105263157895,456,331
1_of_3,≥1/3,0.3333333333333333,x,harmful generalization,-10.307017543859647,23.684210526315788,13.37719298245614,456,108
2_of_3,≥2/3,0.6666666666666666,x,not in my backyard,3.9473684210526314,2.631578947368421,6.578947368421052,456,12
2_of_3,≥2/3,0.6666666666666666,x,provide a fact or claim,-40.35087719298246,94.2982456140351,53.94736842105263,456,430
2_of_3,≥2/3,0.6666666666666666,x,express their opinion,16.00877192982456,52.41228070175439,68.42105263157895,456,239
2_of_3,≥2/3,0.6666666666666666,x,harmful generalization,4.385964912280701,8.991228070175438,13.37719298245614,456,41
