source,category,gap_pp,ci_lo,ci_hi,pi_ref,pi_model,n,gold_positives,low_support,shot_type
reddit,not in my backyard,4.800000000000001,2.795,7.000000000000001,5.2,10.0,500,26,False,few_shot
reddit,provide a fact or claim,12.20000000000001,7.400000000000007,16.999999999999993,56.39999999999999,68.60000000000001,500,282,False,few_shot
reddit,express their opinion,-2.0000000000000018,-5.800000000000005,2.0000000000000018,78.60000000000001,76.6,500,393,False,few_shot
reddit,harmful generalization,14.000000000000002,10.199999999999998,18.0,13.0,27.0,500,65,False,few_shot
news,not in my backyard,3.926701570680628,2.094240837696335,6.020942408376963,0.0,3.926701570680628,382,0,True,few_shot
news,provide a fact or claim,-3.6649214659685847,-7.329842931937181,0.006544502617765272,93.45549738219894,89.79057591623037,382,357,False,few_shot
news,express their opinion,31.413612565445025,25.654450261780106,36.64921465968586,16.230366492146597,47.64397905759162,382,62,False,few_shot
news,harmful generalization,0.26178010471204183,-1.3089005235602094,1.832460732984293,1.0471204188481675,1.3089005235602094,382,4,True,few_shot
meeting_minutes,not in my backyard,-0.2747252747252748,-1.3736263736263739,0.8241758241758242,1.098901098901099,0.8241758241758242,364,4,True,few_shot
meeting_minutes,provide a fact or claim,-21.153846153846157,-25.549450549450547,-16.483516483516492,96.42857142857143,75.27472527472527,364,351,False,few_shot
meeting_minutes,express their opinion,32.692307692307686,27.1978021978022,37.91208791208792,58.51648351648352,91.20879120879121,364,213,False,few_shot
meeting_minutes,harmful generalization,5.4945054945054945,2.7472527472527473,8.516483516483516,2.197802197802198,7.6923076923076925,364,8,False,few_shot
x,not in my backyard,1.9736842105263157,-0.43859649122807015,4.385964912280702,2.631578947368421,4.605263157894736,456,12,False,few_shot
x,provide a fact or claim,-19.736842105263165,-24.122807017543856,-15.350877192982448,94.2982456140351,74.56140350877193,456,430,False,few_shot
x,express their opinion,22.587719298245613,18.201754385964907,27.412280701754387,52.41228070175439,75.0,456,239,False,few_shot
x,harmful generalization,5.263157894736842,1.5350877192982462,8.771929824561402,8.991228070175438,14.25438596491228,456,41,False,few_shot
