source,category,gap_pp,ci_lo,ci_hi,pi_ref,pi_model,n,gold_positives,low_support
reddit,not in my backyard,10.869565217391305,7.707509881422925,14.229249011857705,5.928853754940711,16.798418972332016,506,30,False
reddit,provide a fact or claim,-5.928853754940711,-11.067193675889325,-1.180830039525712,56.32411067193676,50.39525691699605,506,285,False
reddit,express their opinion,11.660079051383399,8.300395256916993,15.217391304347816,78.26086956521739,89.9209486166008,506,396,False
reddit,harmful generalization,7.707509881422925,3.9525691699604737,11.665019762845823,13.636363636363635,21.34387351778656,506,69,False
news,not in my backyard,2.094240837696335,0.7853403141361256,3.664921465968586,0.0,2.094240837696335,382,0,True
news,provide a fact or claim,-5.235602094240832,-8.900523560209429,-1.308900523560208,93.45549738219894,88.21989528795811,382,357,False
news,express their opinion,10.732984293193715,5.759162303664922,15.44502617801047,16.230366492146597,26.96335078534031,382,62,False
news,harmful generalization,3.926701570680628,1.5706806282722512,6.2827225130890065,1.0471204188481675,4.973821989528796,382,4,True
meeting_minutes,not in my backyard,4.670329670329671,2.4725274725274726,7.142857142857142,1.098901098901099,5.769230769230769,364,4,True
meeting_minutes,provide a fact or claim,-32.96703296703297,-38.18681318681318,-27.747252747252748,96.42857142857143,63.46153846153846,364,351,False
meeting_minutes,express their opinion,13.736263736263732,7.417582417582425,19.780219780219777,58.51648351648352,72.25274725274726,364,213,False
meeting_minutes,harmful generalization,-0.2747252747252748,-2.1978021978021975,1.3736263736263739,2.197802197802198,1.9230769230769231,364,8,False
x,not in my backyard,3.9473684210526314,1.5350877192982455,6.578947368421054,2.631578947368421,6.578947368421052,456,12,False
x,provide a fact or claim,-40.35087719298246,-44.95614035087719,-35.526315789473685,94.2982456140351,53.94736842105263,456,430,False
x,express their opinion,16.00877192982456,11.184210526315796,20.833333333333325,52.41228070175439,68.42105263157895,456,239,False
x,harmful generalization,4.385964912280701,0.8771929824561403,7.894736842105263,8.991228070175438,13.37719298245614,456,41,False
