source,item_idx,Comment,City,ask a genuine question,ask a rhetorical question,provide a fact or claim,provide an observation,express their opinion,express others opinions,money aid allocation,government critique,societal critique,solutions/interventions,personal interaction,media portrayal,not in my backyard,harmful generalization,deserving/undeserving,racist
reddit,44,Not even just [ORGANIZATION] but [PERSON] and GPE2. As far as I know neither places have a [INSTITUTION] so they come here and then everyone claims we have the homeless problem while we're basically subsidizing the entire region.,southbend,0.0,0.0,0.6666666666666666,0.3333333333333333,0.6666666666666666,0.0,0.3333333333333333,0.0,0.6666666666666666,0.3333333333333333,0.0,0.0,0.3333333333333333,0.0,0.0,0.0
reddit,386,"I don't even understand your point, you don't want to help her because she had violent attacks?

I don't know what happened to that lady, I hope she went to a mental health facility but knowing how [ORGANIZATION] works she probably didn't get the help she needs and is back on the streets. So now what, she probably won't have much choice in places to stay. So you want her to be homeless? Because the stress of homelessness is going to just cause more mental anguish which is going to just expedite whatever mental issues she has and will just continue the process.",baltimore,0.6666666666666666,0.6666666666666666,0.6666666666666666,0.0,0.6666666666666666,0.3333333333333333,0.0,0.0,0.6666666666666666,0.3333333333333333,0.0,0.0,0.0,0.3333333333333333,0.3333333333333333,0.0
news,167,"Since [ORGANIZATION], the [ORGANIZATION] has been tasked with cleaning the island and delivering pollution-free parcels of land one by one to the city of [ORGANIZATION], which obtained the land in [ORGANIZATION] to eventually build a grand neighborhood out of the man-made island. Over DATE1, the formerly homeless and others in need of supportive housing would call the island home. Now with the multi-billion-dollar redevelopment planned, which may or may not be paused as a result of the lawsuit, theyll be joined in [DATE] by thousands of new residents.",sanfrancisco,0.0,0.0,1.0,0.0,0.0,0.0,1.0,0.0,0.0,0.3333333333333333,0.0,0.0,0.0,0.0,0.0,0.0
news,165,"DATE0 In [LOCATION], [ORGANIZATION] approved a massive redlining settlement with ORG1 and ORG2, resolving allegations of racially discriminatory lending that had taken [STREET] at ORG3 from DATE2, including [ORGANIZATION] when Mr. [PERSON] was in charge.⁵Under the terms of the deal, the bank pledged to originate 100 million in home loans to borrowers in neighborhoods where a majority of residents are people of color and to open a full-service branch in a low-income minority neighborhood. It also committed to investing 5 million in a loan subsidy fund to increase credit opportunities for residents in minority neighborhoods, dedicating 1.3 million to community outreach, and providing 1 million in grants to community groups for financial counseling and homelessness [DATE], in [DATE], [PERSON] entered into a 7.75 billion community lending [PERSON] with a coalition of civil rights groups as part of its acquisition of [ORGANIZATION]. In announcing the deal, [PERSON]s Chairwoman and Chief Executive OfficerPERSON1, said that by working with community groups, the bank would ensure that our efforts to make a meaningful difference and help build thriving neighborhoods would be successful.⁵⁵The agreement included specific targets for home lending, small-business lending, charitable giving in low-income areas, and a public accounting of progress to those goals.",sanfrancisco,0.0,0.0,1.0,0.0,0.0,0.3333333333333333,1.0,0.3333333333333333,0.0,0.6666666666666666,0.0,0.0,0.0,0.0,0.0,0.0
meeting_minutes,253,"And I think someone was, like,  One of the cops were putting tear gas everywhere, and I saw them running after homeless people and stuff and trying to hurt them. How did you feel? I felt scared, and I don't like the cops.",portland,0.6666666666666666,0.0,1.0,0.3333333333333333,1.0,0.0,0.0,0.6666666666666666,0.3333333333333333,0.0,0.3333333333333333,0.0,0.0,0.0,0.0,0.0
meeting_minutes,31,"You mentioned in your opening that you have a coordinator for homeless services. I wonder if I could get their name and their hire date to know who that person is, because I've been on all of the [ORGANIZATION] homeless community meetings. and they are not aware of this coordinator.",south bend,0.3333333333333333,0.0,1.0,0.3333333333333333,0.0,0.0,0.0,0.0,0.3333333333333333,0.3333333333333333,0.0,0.0,0.0,0.0,0.0,0.0
x,42,"In honor of [ORGANIZATION] [DATE] in [ORGANIZATION], [ORGANIZATION] will donate $2 for every burger sold in [ORGANIZATION] to support our programs to end youth homelessness in our community!

Visit The ORG1 in central [ORGANIZATION] at [ADDRESS]. [URL]",south bend,0.0,0.0,1.0,0.0,0.3333333333333333,0.0,1.0,0.0,0.0,0.6666666666666666,0.0,0.3333333333333333,0.0,0.0,0.0,0.0
x,240,[ORGANIZATION] “make homeless as visible as possible”. 😂 [ORGANIZATION] has never heard of homeless.,san francisco,0.0,0.0,0.6666666666666666,0.0,1.0,0.3333333333333333,0.0,0.0,0.3333333333333333,0.3333333333333333,0.0,0.0,0.0,0.3333333333333333,0.0,0.0
