ask a genuine question,ask a rhetorical question,provide a fact or claim,provide an observation,express their opinion,express others opinions,money aid allocation,government critique,societal critique,solutions/interventions,personal interaction,media portrayal,not in my backyard,harmful generalization,deserving/undeserving,racist
1.0,0.0,0.5,0.0,0.5,0.0,0.0,0.5,0.5,0.0,0.0,0.5,0.0,0.0,0.0,0.0
0.0,0.0,0.0,0.0,1.0,0.0,0.0,1.0,1.0,0.0,0.0,0.0,0.0,0.0,0.0,0.0
0.0,0.0,0.5,1.0,1.0,0.0,0.5,0.0,0.0,0.0,0.5,0.0,0.0,0.0,0.5,0.0
0.0,1.0,0.5,0.0,1.0,0.0,0.5,0.0,1.0,1.0,0.0,0.0,0.0,0.5,0.0,0.0
0.0,0.0,0.5,1.0,1.0,0.0,1.0,0.5,0.0,1.0,0.0,0.0,0.0,1.0,0.0,0.0
0.0,0.0,0.0,1.0,0.5,0.0,0.0,0.0,0.0,0.0,1.0,0.0,0.0,0.0,0.0,0.0
0.0,0.0,1.0,0.0,0.5,0.0,0.0,0.0,0.0,1.0,0.0,0.0,0.0,0.0,0.0,0.0
0.5,0.5,1.0,0.0,1.0,0.0,0.0,0.0,0.0,0.5,0.5,0.0,0.5,0.0,0.0,0.0
0.0,0.0,0.0,0.5,1.0,0.5,0.0,0.0,1.0,0.0,0.5,0.0,0.5,0.5,0.0,0.0
0.0,0.0,0.5,0.0,1.0,0.0,0.0,0.0,0.0,0.0,0.0,0.5,0.0,0.0,0.0,0.0
0.0,0.0,0.5,0.0,1.0,0.5,0.0,0.0,1.0,1.0,0.0,0.0,1.0,0.0,0.0,0.0
0.0,0.0,1.0,0.0,0.0,0.0,0.0,0.0,0.0,0.0,0.0,0.0,0.0,0.0,0.0,0.0
0.0,0.0,1.0,0.0,0.5,0.0,0.0,0.0,0.0,1.0,0.0,0.0,0.0,0.0,0.0,0.0
0.0,0.0,0.5,1.0,1.0,0.0,0.0,0.0,1.0,0.0,0.5,0.0,0.0,0.5,0.0,0.0
0.0,0.0,0.5,0.0,1.0,0.0,0.0,0.0,0.0,1.0,0.0,0.0,0.0,0.0,0.0,0.0
0.0,0.0,0.5,0.0,1.0,0.5,0.0,0.0,1.0,0.5,0.0,0.0,1.0,0.0,0.0,0.0
0.0,0.0,0.0,1.0,1.0,0.0,0.0,0.0,0.0,0.5,0.0,0.0,0.0,0.0,0.0,0.0
0.0,0.0,0.0,0.5,1.0,0.5,0.0,0.0,0.0,0.5,0.0,0.0,1.0,1.0,0.5,0.0
0.0,0.0,0.5,0.0,1.0,0.0,0.0,0.0,0.0,1.0,0.0,0.0,0.5,0.0,0.0,0.0
0.0,0.0,1.0,0.5,1.0,0.0,0.0,0.5,0.0,0.5,0.0,0.0,0.0,0.5,0.0,0.0
0.0,0.0,1.0,1.0,1.0,0.5,1.0,1.0,1.0,0.5,0.0,0.0,0.0,0.5,0.0,0.0
0.0,0.0,1.0,0.5,0.0,0.0,0.0,0.0,0.0,1.0,0.0,0.0,0.0,0.0,0.0,0.0
0.0,0.0,0.0,0.0,1.0,0.0,0.0,0.0,0.0,0.0,0.5,0.0,0.0,0.0,0.0,0.0
0.0,0.0,0.5,0.0,0.5,0.5,1.0,1.0,0.5,1.0,0.0,0.0,0.0,0.0,0.0,0.0
0.0,0.0,1.0,0.0,0.0,0.0,0.0,0.0,0.0,0.0,0.0,0.0,0.0,0.0,0.0,0.0
0.0,0.0,1.0,0.0,0.0,0.0,0.5,0.5,0.0,0.0,0.0,0.0,0.0,0.0,0.0,0.0
0.0,0.0,0.5,0.5,1.0,0.0,0.0,0.0,0.0,0.0,0.0,0.0,0.5,0.5,0.0,0.0
0.0,0.0,0.5,1.0,1.0,0.5,0.0,0.0,1.0,0.5,0.5,0.0,0.0,0.0,0.0,0.0
1.0,0.0,0.0,0.5,1.0,0.5,0.0,1.0,0.5,1.0,0.0,0.0,0.0,0.5,0.0,0.0
0.0,0.0,0.0,0.0,1.0,0.0,0.0,0.0,0.0,0.0,0.0,0.0,0.5,0.0,0.0,0.0
0.0,0.0,1.0,0.0,0.0,0.0,0.0,0.0,0.0,0.0,0.0,0.0,0.0,0.0,0.0,0.0
0.0,0.0,0.0,0.5,1.0,0.0,0.0,0.0,0.0,0.0,0.5,0.0,0.0,0.0,0.0,0.0
0.0,1.0,0.5,0.5,1.0,0.5,0.5,0.0,0.5,1.0,0.0,0.0,0.5,0.0,0.0,0.0
0.0,0.0,1.0,0.0,0.0,0.0,0.0,0.0,0.0,0.0,0.0,0.0,0.0,0.0,0.0,0.0
0.0,0.0,1.0,0.0,0.5,0.0,0.0,0.0,0.0,0.0,0.0,0.5,0.0,0.0,0.0,0.0
0.0,0.0,0.0,0.5,1.0,0.0,0.0,0.0,0.0,1.0,0.0,0.0,0.0,0.0,0.0,0.0
0.0,0.0,1.0,0.0,1.0,0.5,0.0,0.0,0.5,0.5,0.0,0.0,0.5,0.5,0.0,0.0
0.0,0.0,0.0,0.0,1.0,0.0,0.0,0.0,0.0,0.0,0.0,0.0,0.0,0.0,0.0,0.0
0.0,0.0,0.5,0.5,1.0,0.0,0.0,0.0,0.0,1.0,0.0,0.0,0.0,0.5,0.0,0.0
0.0,0.0,0.5,0.5,1.0,0.0,0.0,0.0,0.0,0.0,0.5,0.0,0.0,0.0,0.0,0.0
0.0,0.0,0.0,1.0,1.0,0.0,0.0,0.0,0.0,0.0,1.0,0.0,0.0,0.0,0.0,0.0
0.0,0.0,0.5,0.0,1.0,0.0,0.0,0.0,0.0,1.0,0.0,0.0,0.0,0.0,0.5,0.5
0.0,0.0,0.0,1.0,1.0,0.0,0.5,0.0,0.0,1.0,1.0,0.0,0.0,0.0,0.5,0.0
0.5,0.5,1.0,0.5,1.0,0.0,1.0,0.5,0.5,1.0,0.0,0.0,0.0,0.0,0.0,0.0
0.0,0.0,0.5,0.5,1.0,0.0,0.5,0.0,0.5,0.5,0.0,0.0,0.0,0.0,0.0,0.0
0.0,0.0,1.0,1.0,1.0,0.5,1.0,0.5,0.0,1.0,0.5,0.0,0.0,0.0,0.0,0.0
0.0,0.0,0.0,1.0,1.0,0.5,0.0,0.0,1.0,0.5,0.5,0.0,0.5,0.5,0.0,0.0
0.0,0.0,0.5,1.0,1.0,0.5,0.0,0.0,0.0,1.0,0.5,0.0,1.0,0.0,0.0,0.0
0.0,0.0,0.5,0.5,1.0,0.0,0.0,0.0,0.0,1.0,0.0,0.0,0.5,0.0,0.0,0.0
0.0,0.0,0.5,0.0,1.0,0.0,0.0,0.0,0.0,0.5,0.5,0.0,0.5,0.0,0.0,0.0
0.5,0.5,0.5,1.0,1.0,0.0,0.5,0.0,0.5,0.5,0.0,0.0,0.0,1.0,0.5,0.0
0.0,0.0,1.0,0.0,1.0,0.0,0.0,0.0,0.0,0.5,0.0,0.0,0.0,0.5,0.0,0.0
1.0,0.0,0.0,0.0,0.0,0.0,0.0,0.0,0.0,0.5,0.0,0.0,0.0,0.0,0.0,0.0
0.0,0.0,0.5,0.5,0.5,0.0,0.0,0.0,0.0,0.0,0.0,0.0,0.0,0.5,0.0,0.0
0.0,0.0,0.0,0.0,1.0,0.5,0.0,0.0,1.0,0.5,0.0,0.0,0.5,0.0,0.0,0.0
0.0,0.0,1.0,0.0,1.0,0.0,0.0,0.0,0.0,1.0,0.0,0.0,0.0,0.0,0.0,0.0
0.0,1.0,0.0,1.0,1.0,0.0,0.0,0.0,0.5,0.0,0.0,0.0,0.0,1.0,0.5,0.0
0.0,0.0,0.0,0.5,0.5,0.5,0.5,0.0,0.5,0.0,0.0,0.0,0.0,0.0,0.5,0.0
0.0,0.5,1.0,1.0,1.0,1.0,0.0,0.0,0.5,0.5,0.0,0.0,0.0,0.0,0.0,0.0
0.5,0.5,0.0,0.0,1.0,0.5,0.5,0.5,0.5,0.5,0.0,0.0,0.0,0.0,0.0,0.0
0.0,0.5,0.0,0.5,1.0,0.0,0.0,0.0,0.5,0.5,1.0,0.0,0.0,1.0,0.0,0.0
0.0,0.0,0.5,0.0,1.0,0.0,0.5,0.5,0.5,1.0,0.0,0.0,0.0,0.0,0.0,0.0
0.0,0.0,1.0,0.0,1.0,1.0,0.5,0.5,0.5,1.0,0.0,0.5,0.0,0.0,0.0,0.0
0.0,0.0,1.0,0.5,1.0,0.0,0.0,0.5,0.5,0.5,0.0,0.5,0.0,0.0,0.0,0.0
0.0,0.0,1.0,0.5,1.0,0.0,0.0,0.0,0.0,0.0,0.0,0.0,0.0,0.5,0.0,0.0
0.0,0.5,1.0,0.5,1.0,0.5,0.0,0.0,0.5,0.0,0.0,0.0,0.0,0.5,0.5,0.0
0.0,0.0,0.5,0.5,1.0,0.0,0.0,0.0,0.5,0.0,0.0,0.0,0.0,0.5,0.5,0.0
0.0,0.0,0.0,0.0,0.5,0.0,0.0,0.0,0.5,0.0,0.0,0.0,0.0,0.0,0.0,0.0
0.0,0.0,0.5,0.0,1.0,0.0,0.0,0.0,0.0,0.5,0.0,0.0,0.0,0.5,0.0,0.0
0.0,0.0,1.0,0.0,0.5,0.0,0.0,0.0,0.0,1.0,0.0,0.0,0.0,0.0,0.0,0.0
1.0,0.0,0.5,0.5,1.0,0.0,0.0,0.5,0.0,0.0,0.0,0.0,0.0,0.5,0.0,0.0
0.0,1.0,0.0,0.0,1.0,0.0,0.0,0.0,0.5,0.0,0.0,0.0,0.0,0.5,0.5,0.0
0.0,0.0,0.0,1.0,1.0,0.0,0.0,0.0,0.0,0.0,0.5,0.0,0.0,0.5,0.0,0.0
0.0,0.0,0.5,0.0,1.0,0.0,0.5,0.5,0.5,0.5,0.5,0.0,0.0,0.0,0.0,0.0
0.0,0.5,0.5,0.5,1.0,0.0,0.5,0.5,0.0,0.0,0.0,0.0,0.5,0.5,0.0,0.0
0.0,0.0,0.5,0.0,0.5,0.0,0.0,0.0,0.0,1.0,0.0,0.0,0.0,0.0,0.0,0.0
1.0,0.5,1.0,0.0,1.0,0.0,0.5,0.5,0.5,1.0,0.0,0.0,0.0,0.0,0.0,0.0
0.0,0.0,0.5,1.0,0.5,0.5,0.0,0.0,0.5,0.5,0.5,0.0,0.0,0.0,0.0,0.0
0.0,0.5,1.0,0.5,1.0,1.0,0.0,0.0,0.5,1.0,0.0,0.0,0.5,0.5,0.0,0.0
0.0,0.0,0.0,1.0,1.0,1.0,0.0,0.0,1.0,0.5,0.0,0.0,0.0,0.5,0.5,0.0
0.0,0.0,1.0,0.0,0.0,0.0,0.0,0.0,0.0,0.5,0.0,0.0,0.0,0.0,0.0,0.0
0.0,0.0,1.0,0.5,1.0,0.0,0.0,0.0,0.0,1.0,0.0,0.0,0.0,0.5,0.0,0.0
0.0,0.0,0.0,1.0,1.0,0.5,0.0,0.0,0.5,0.5,0.0,0.0,0.0,0.5,0.0,0.0
0.0,0.5,0.5,1.0,1.0,1.0,0.0,0.0,0.5,0.5,0.0,0.0,0.0,0.0,0.0,0.0
0.5,0.5,1.0,0.5,0.5,0.5,0.5,0.0,1.0,1.0,0.0,0.5,0.0,0.5,0.5,0.0
1.0,0.0,0.5,0.0,0.0,0.0,0.0,0.0,0.0,0.5,0.0,0.0,0.0,0.0,0.0,0.0
0.0,0.0,0.0,1.0,0.5,0.0,0.5,0.0,0.0,0.0,1.0,0.0,0.0,0.5,0.0,0.0
0.0,0.0,1.0,0.0,1.0,0.0,0.0,0.0,0.0,0.0,0.5,0.0,0.0,0.0,0.0,0.0
1.0,0.0,0.5,0.0,0.5,0.0,0.0,0.0,1.0,0.5,0.0,0.0,0.0,0.5,0.0,0.0
0.0,0.0,1.0,0.5,1.0,0.0,0.0,0.0,0.0,0.0,0.5,0.0,0.5,0.5,0.0,0.0
0.0,1.0,0.0,0.0,1.0,0.5,0.5,0.0,0.5,1.0,0.0,0.0,0.5,0.0,0.0,0.0
0.5,0.5,0.5,0.0,0.5,0.0,0.5,0.0,0.5,0.0,0.0,0.0,0.0,1.0,0.0,0.0
0.0,0.0,0.5,0.0,0.5,1.0,0.0,0.0,0.5,0.0,0.0,0.0,0.0,1.0,0.0,0.0
0.5,1.0,0.5,1.0,0.5,0.0,0.0,0.0,1.0,0.0,0.0,0.0,0.0,0.5,0.0,0.0
0.0,0.0,1.0,0.0,1.0,0.0,1.0,0.5,0.5,1.0,0.0,0.5,0.0,0.0,0.0,0.0
0.0,0.0,0.0,0.0,1.0,0.0,0.5,0.0,0.0,0.0,0.0,0.0,0.0,1.0,0.0,0.0
1.0,0.0,0.0,0.0,0.5,0.0,0.0,0.0,0.0,1.0,0.0,0.0,0.0,0.5,0.0,0.0
0.0,0.0,1.0,0.0,0.5,0.0,1.0,0.5,0.0,1.0,0.0,0.0,0.0,0.0,0.0,0.0
0.5,0.5,1.0,0.5,1.0,0.0,0.0,0.0,0.5,1.0,1.0,0.0,0.0,0.0,0.0,0.0
0.0,0.0,0.5,0.0,0.5,0.0,0.0,0.0,0.0,0.0,0.0,0.0,0.0,1.0,0.5,0.0
0.0,0.0,0.5,0.5,1.0,0.0,0.0,0.5,0.5,1.0,1.0,0.0,0.0,0.0,0.0,0.0
0.0,0.0,0.5,0.0,0.5,0.0,0.0,0.0,0.0,0.0,0.5,0.0,1.0,0.0,0.0,0.0
0.0,0.0,1.0,1.0,1.0,0.0,0.0,0.0,0.0,1.0,0.5,0.0,0.0,0.0,0.0,0.0
0.5,0.5,0.0,0.0,1.0,0.0,0.0,0.0,0.5,0.0,0.0,0.5,0.5,0.0,0.0,0.0
0.0,0.0,0.5,0.0,1.0,0.0,0.0,0.0,0.5,0.5,0.0,0.0,0.0,0.5,0.0,0.0
0.0,0.0,0.5,0.0,0.5,0.0,0.0,0.0,0.0,0.5,0.0,0.0,0.0,0.0,0.0,0.0
0.0,0.0,0.5,1.0,1.0,0.0,0.0,0.0,0.0,1.0,1.0,0.0,0.0,0.0,0.0,0.0
0.0,0.0,1.0,0.5,1.0,0.0,0.0,0.0,0.0,0.5,0.0,0.5,0.0,0.0,0.0,0.0
0.0,0.0,1.0,0.5,1.0,0.0,0.0,0.0,0.0,1.0,0.5,0.0,0.0,0.5,0.0,0.0
1.0,0.0,0.0,0.0,0.5,0.0,0.0,0.0,0.5,0.5,0.0,0.0,0.0,0.0,0.0,0.0
0.0,0.0,1.0,0.0,0.5,0.5,0.0,0.0,0.0,0.5,0.5,0.0,0.0,0.0,0.0,0.0
0.0,0.5,0.5,1.0,1.0,0.5,1.0,0.0,0.5,0.5,0.0,0.0,0.0,0.0,0.0,0.0
1.0,0.5,1.0,0.5,1.0,0.5,0.5,0.0,0.5,1.0,0.0,0.0,0.0,0.5,0.0,0.0
1.0,0.0,0.0,0.0,0.0,0.0,0.0,0.0,0.0,0.0,0.0,0.0,0.0,0.0,0.0,0.0
0.0,0.0,0.5,0.0,1.0,0.5,0.0,0.0,0.0,0.0,0.0,0.0,0.5,0.5,0.0,0.0
0.0,0.0,1.0,1.0,1.0,0.0,0.5,0.0,0.5,1.0,0.0,0.0,0.5,1.0,0.0,0.0
0.0,0.0,0.5,0.5,1.0,0.5,0.0,0.0,0.5,0.5,0.0,0.0,0.0,0.0,0.0,0.0
0.0,0.5,1.0,0.0,1.0,0.5,0.0,0.0,0.5,0.5,0.0,0.0,0.0,1.0,0.0,0.0
0.0,0.0,0.5,0.5,1.0,0.0,0.0,0.0,1.0,1.0,0.5,0.0,0.0,0.5,0.0,0.0
1.0,0.0,0.5,0.0,1.0,0.0,1.0,0.0,0.5,0.5,0.0,0.0,0.0,0.0,0.0,0.0
0.0,0.0,0.5,1.0,1.0,0.0,0.5,0.0,1.0,1.0,1.0,0.0,0.0,0.5,0.0,0.0
0.5,0.5,0.0,0.0,1.0,0.5,0.5,0.0,0.5,1.0,0.0,0.0,0.0,0.5,0.0,0.0
0.0,0.0,0.0,0.0,1.0,0.0,0.5,0.5,0.5,0.0,0.5,0.0,0.0,0.5,0.0,0.0
0.0,0.0,1.0,0.5,1.0,0.0,0.0,0.5,0.5,0.5,1.0,0.0,0.0,0.0,0.0,0.0
0.0,0.0,1.0,0.5,1.0,0.0,0.5,0.0,0.0,0.5,0.0,0.0,0.5,0.0,0.0,0.0
0.0,0.0,1.0,0.0,0.0,0.0,0.0,0.0,0.0,1.0,0.5,0.0,0.0,0.0,0.0,0.0
0.5,0.5,0.0,0.0,0.5,1.0,0.0,0.0,0.5,0.5,0.0,0.0,0.0,0.5,0.0,0.0
1.0,0.0,0.0,0.0,0.0,0.0,0.0,0.5,0.5,0.0,0.0,0.0,0.0,0.0,0.0,0.0
0.0,0.0,0.5,0.5,1.0,0.0,0.0,0.5,0.0,0.5,0.0,0.0,0.0,0.0,0.0,0.0
0.0,0.5,0.0,0.5,1.0,1.0,0.0,0.0,1.0,0.0,0.0,0.0,0.0,0.0,0.0,0.0
0.5,0.5,0.0,0.0,0.5,0.0,0.5,0.0,0.0,1.0,0.0,0.0,0.0,0.0,0.0,0.0
0.0,0.0,0.5,1.0,0.5,0.0,0.5,0.5,0.5,0.0,1.0,0.0,0.5,0.0,0.0,0.0
1.0,0.0,0.5,0.5,1.0,0.5,1.0,0.0,0.5,1.0,0.0,0.0,0.0,0.0,0.0,0.0
0.0,0.0,1.0,0.5,0.5,0.0,1.0,0.5,1.0,0.5,1.0,0.0,0.0,0.0,0.0,0.0
0.5,0.5,0.5,0.0,0.5,0.0,0.0,0.0,0.0,0.0,0.0,0.0,0.0,0.0,0.0,0.0
0.5,0.5,0.0,0.0,1.0,0.5,0.0,0.5,1.0,1.0,0.0,0.0,0.0,0.5,0.0,0.0
0.0,0.0,0.5,0.5,1.0,0.0,0.0,0.5,0.5,1.0,0.0,0.0,0.0,0.0,0.0,0.0
0.0,0.0,0.5,0.0,1.0,1.0,0.0,0.0,1.0,0.5,0.0,0.0,0.0,0.5,0.5,0.0
0.0,0.0,0.5,0.5,1.0,0.5,0.5,0.0,0.5,1.0,0.5,0.0,0.0,0.5,0.5,0.0
0.0,0.0,0.5,0.0,1.0,0.0,0.0,0.0,0.0,1.0,0.0,0.0,0.0,0.0,0.0,0.0
0.0,0.0,0.0,1.0,1.0,0.5,0.0,0.0,1.0,0.5,0.5,0.0,0.0,0.0,0.0,0.0
0.0,0.5,0.5,0.0,1.0,0.0,0.0,0.0,0.5,0.5,0.0,0.0,0.5,1.0,0.0,0.0
0.0,0.0,0.0,0.0,0.5,0.0,0.5,0.0,0.0,0.0,0.0,0.0,0.0,0.0,0.0,0.0
0.0,0.0,0.0,0.0,1.0,0.0,0.0,0.0,0.0,1.0,0.0,0.0,0.0,0.0,0.0,0.0
0.5,0.0,0.0,0.0,1.0,1.0,0.0,0.0,1.0,0.5,0.0,0.0,0.0,0.5,0.0,0.0
0.0,0.0,0.0,0.0,1.0,0.0,0.0,0.0,0.0,0.0,0.0,0.0,0.0,0.0,0.5,0.0
1.0,0.0,0.5,0.0,0.5,1.0,0.0,0.0,1.0,0.5,0.0,0.0,0.0,0.0,0.0,0.0
0.0,0.0,1.0,0.5,1.0,0.0,1.0,0.0,0.0,1.0,0.0,0.0,0.0,0.5,0.0,0.0
1.0,0.0,0.5,0.5,0.5,0.5,0.0,0.0,1.0,0.0,0.0,0.0,0.0,0.5,0.0,0.0
0.5,0.5,0.0,0.0,0.5,0.0,0.5,0.0,1.0,0.0,0.0,0.0,0.0,0.0,0.0,0.0
0.5,0.5,0.5,0.0,1.0,0.5,0.5,1.0,0.5,0.5,0.0,0.0,0.5,1.0,0.0,0.0
0.5,0.5,0.0,0.0,1.0,0.5,0.0,0.0,0.5,0.0,0.0,0.0,0.0,0.0,0.0,0.0
1.0,0.0,1.0,0.0,1.0,0.0,1.0,0.0,0.0,0.5,0.0,0.0,0.0,0.0,0.0,0.0
0.0,0.0,1.0,0.0,0.5,0.0,0.5,0.0,0.0,1.0,0.0,0.0,0.0,0.0,0.0,0.0
0.0,0.0,0.5,0.0,1.0,0.0,0.5,0.0,0.0,1.0,0.0,0.0,0.0,0.0,0.0,0.0
0.0,0.0,0.5,0.0,0.5,0.5,0.0,0.0,1.0,1.0,0.0,0.0,0.0,0.0,0.5,0.0
0.0,0.0,0.0,0.0,0.5,0.5,0.0,0.0,0.5,0.0,0.0,0.0,0.0,0.5,0.0,0.0
0.0,0.0,1.0,1.0,0.0,0.0,0.0,0.0,0.0,0.5,1.0,0.0,0.0,0.5,0.0,0.0
1.0,0.0,1.0,0.0,1.0,0.0,0.0,0.0,1.0,1.0,0.0,0.0,0.0,0.0,0.0,0.0
0.0,0.0,1.0,0.0,1.0,0.0,0.0,0.0,0.0,0.5,0.5,0.0,0.0,0.0,0.0,0.0
0.0,0.0,1.0,0.0,1.0,0.0,0.0,0.0,0.0,1.0,0.0,0.0,0.0,0.0,0.0,0.0
0.0,0.0,0.5,0.0,0.5,0.5,0.0,0.0,0.5,0.0,0.0,0.0,0.5,0.0,0.5,0.0
0.0,0.0,0.5,0.5,0.5,0.0,0.0,0.0,0.0,0.0,0.0,0.0,0.0,0.0,0.0,0.0
1.0,0.0,0.0,0.5,0.5,0.5,0.5,0.0,0.5,0.0,0.0,0.0,0.0,0.0,0.0,0.0
1.0,0.5,0.0,0.0,1.0,0.5,0.0,1.0,1.0,1.0,0.0,0.0,0.0,0.0,0.5,0.0
0.0,0.0,1.0,0.0,0.5,0.5,0.0,0.0,0.5,0.0,0.0,0.0,0.0,1.0,0.0,0.0
0.0,0.0,1.0,0.5,0.0,0.0,0.0,0.0,0.0,0.5,0.0,0.0,0.0,0.0,0.0,0.0
0.0,0.0,0.5,0.0,0.5,0.0,0.0,0.0,0.0,0.5,0.0,0.0,0.0,0.0,0.0,0.0
0.0,0.0,1.0,0.0,0.0,0.0,0.0,0.0,0.0,1.0,0.0,0.0,0.0,0.0,0.0,0.0
0.0,0.0,0.0,0.0,0.5,0.5,0.0,0.0,1.0,0.0,0.0,0.0,0.0,0.5,0.0,0.0
1.0,0.0,0.5,0.0,0.5,0.5,1.0,0.5,0.0,0.0,0.0,0.0,0.0,0.0,0.0,0.0
0.0,0.0,0.0,0.5,0.5,0.0,0.0,0.0,0.0,0.5,0.5,0.0,0.0,0.0,0.5,0.0
0.0,0.0,1.0,0.5,0.5,0.0,1.0,0.0,0.0,1.0,0.0,0.0,0.0,0.5,0.0,0.0
0.0,0.0,1.0,0.0,0.5,0.0,0.0,0.0,0.0,0.5,0.0,0.0,0.0,0.0,0.0,0.0
0.0,0.0,0.5,0.0,1.0,0.5,0.5,0.0,0.0,0.0,0.0,0.0,0.0,0.5,0.0,0.0
0.0,0.0,0.5,1.0,1.0,0.0,0.0,0.0,0.0,0.0,0.0,0.0,1.0,0.5,0.0,0.0
0.0,0.0,0.5,0.0,1.0,0.0,0.0,0.0,0.5,1.0,0.0,0.0,0.0,0.0,0.0,0.0
0.0,0.0,1.0,0.0,0.0,0.0,0.0,0.0,0.0,0.0,0.0,0.0,0.0,0.0,0.0,0.0
0.0,0.0,1.0,0.5,1.0,0.0,0.0,0.0,0.0,0.0,0.0,0.0,0.5,0.0,0.0,0.0
0.0,0.0,0.5,1.0,0.0,0.0,0.5,0.0,0.0,0.0,0.0,0.0,0.0,0.0,0.0,0.0
0.0,0.0,0.0,0.0,1.0,0.0,0.0,0.0,0.0,0.5,0.0,0.0,0.5,0.0,0.0,0.0
0.0,0.0,1.0,0.5,1.0,0.0,0.5,0.0,0.0,0.0,0.0,0.0,0.5,0.5,0.0,0.0
0.0,0.0,0.0,0.5,1.0,0.5,0.0,0.0,0.5,0.0,0.5,0.0,1.0,1.0,0.0,0.0
0.0,0.0,1.0,0.5,1.0,0.5,0.0,0.0,0.5,0.0,0.0,0.0,0.5,0.5,0.0,0.0
1.0,0.0,0.5,1.0,1.0,0.0,0.0,0.0,0.0,0.0,0.5,0.0,1.0,0.5,0.0,0.0
0.5,0.5,1.0,0.0,1.0,0.0,0.5,0.0,0.5,0.5,0.0,0.0,0.5,0.0,0.0,0.0
0.0,0.0,0.0,0.0,1.0,0.0,0.5,0.5,0.0,0.5,0.0,0.0,0.0,0.0,0.0,0.0
0.5,0.5,1.0,0.0,1.0,0.0,0.0,1.0,0.5,0.5,0.0,0.0,0.0,0.0,0.0,0.0
1.0,0.0,0.5,0.0,1.0,0.0,0.0,0.0,0.0,0.0,0.0,0.0,0.0,0.0,0.0,0.0
0.0,0.0,0.5,0.0,1.0,0.0,0.0,0.0,0.0,0.0,0.0,0.0,0.0,1.0,0.0,0.0
0.0,0.0,0.5,0.5,0.0,0.0,0.0,0.0,0.5,0.0,0.0,0.0,0.0,0.0,0.0,0.0
0.5,0.5,0.0,0.0,0.5,0.5,0.0,0.0,0.5,1.0,0.0,0.0,0.0,0.0,0.0,0.0
0.0,0.0,0.5,0.0,1.0,0.0,0.0,0.0,0.0,0.5,0.0,0.0,0.0,0.0,0.0,0.0
0.0,0.0,0.5,0.5,1.0,0.0,0.5,0.0,0.0,0.0,0.0,0.0,0.0,0.0,0.0,0.0
1.0,0.0,1.0,0.5,1.0,0.0,0.0,0.0,0.0,1.0,0.0,0.0,0.0,0.0,0.0,0.0
0.5,0.5,0.5,0.0,1.0,0.5,1.0,0.0,0.5,1.0,0.0,0.0,0.5,0.0,0.0,0.0
1.0,0.0,0.0,0.0,0.0,0.0,0.5,0.0,0.0,0.0,0.0,0.0,0.0,0.0,0.0,0.0
0.5,0.5,1.0,0.5,1.0,0.0,0.0,0.0,0.5,1.0,0.0,0.0,0.0,0.0,0.0,0.0
0.0,1.0,0.0,0.0,1.0,0.5,0.5,0.0,1.0,1.0,0.0,0.0,0.0,0.0,0.0,0.0
0.0,0.0,0.0,0.0,0.0,1.0,0.5,0.5,0.5,0.0,0.0,0.0,0.0,0.0,0.0,0.0
0.0,0.0,1.0,0.0,1.0,0.0,0.0,0.0,0.0,1.0,0.0,0.0,0.0,0.0,0.0,0.0
0.5,0.5,1.0,0.5,0.5,0.0,1.0,0.5,0.5,1.0,0.0,0.0,0.0,0.0,0.0,0.0
1.0,0.5,0.0,0.5,1.0,0.5,1.0,0.5,0.5,1.0,0.0,0.0,0.0,0.5,0.0,0.0
0.0,0.0,0.5,1.0,1.0,0.0,0.0,0.0,0.0,0.0,0.0,0.0,0.5,0.0,0.0,0.0
0.0,1.0,0.0,1.0,1.0,0.5,0.0,0.0,0.5,0.5,0.0,0.0,0.5,0.0,0.0,0.0
0.5,1.0,0.5,0.5,1.0,0.5,1.0,0.0,0.0,1.0,0.0,0.0,1.0,0.5,0.0,0.0
0.0,0.0,0.0,1.0,1.0,0.0,0.5,0.0,0.0,0.0,1.0,0.0,0.5,0.0,0.0,0.0
0.0,0.0,1.0,0.0,1.0,0.0,0.5,0.0,0.0,1.0,0.0,0.0,0.0,0.0,0.0,0.0
0.0,0.0,1.0,0.0,0.5,0.5,0.5,0.0,0.5,1.0,0.0,0.0,0.0,0.0,0.0,0.0
0.0,0.0,0.5,0.5,1.0,0.0,0.5,0.0,0.0,0.0,0.5,0.0,0.5,0.5,0.0,0.0
0.0,0.0,0.5,0.0,0.5,0.0,0.0,0.0,0.0,1.0,0.0,0.0,0.0,0.0,0.0,0.0
0.0,0.0,1.0,0.5,1.0,0.0,0.5,0.0,0.0,0.5,0.0,0.0,0.0,0.0,0.0,0.0
0.0,0.0,1.0,1.0,0.5,0.0,0.0,0.0,0.0,0.5,0.5,0.0,0.5,0.5,0.0,0.0
0.0,1.0,0.0,0.0,0.5,0.0,0.5,0.0,0.0,0.5,0.0,0.0,0.0,0.0,0.0,0.0
0.0,0.0,1.0,1.0,1.0,0.0,0.0,0.0,0.0,0.0,0.5,0.0,0.0,0.0,0.0,0.0
0.5,0.5,0.0,0.5,1.0,0.5,0.0,0.0,0.0,0.5,0.5,0.0,0.5,0.0,0.0,0.0
0.0,0.0,1.0,0.5,1.0,0.0,0.0,0.5,0.0,0.5,0.5,0.0,0.0,0.0,0.0,0.0
0.0,0.0,0.0,0.0,1.0,0.5,0.0,0.0,0.5,0.5,0.0,0.0,0.0,0.5,0.0,0.0
0.0,0.0,0.0,0.5,1.0,0.5,0.5,0.0,0.0,0.5,0.0,0.0,0.5,0.5,0.0,0.0
0.0,0.0,0.0,0.5,1.0,0.0,0.0,0.0,0.0,0.0,0.5,0.0,0.0,0.0,0.0,0.0
0.0,0.0,1.0,1.0,1.0,1.0,0.0,1.0,0.0,0.5,0.0,0.0,0.0,0.5,0.5,0.0
0.0,0.0,0.5,0.0,1.0,0.0,0.0,0.0,0.5,1.0,0.0,0.0,0.5,0.0,0.0,0.0
0.0,0.0,0.5,1.0,1.0,0.5,0.5,0.0,0.0,0.5,0.0,0.0,0.0,0.0,0.0,0.0
0.0,0.0,1.0,0.5,1.0,0.0,0.5,0.0,0.0,0.0,0.5,0.0,0.5,0.0,0.0,0.0
1.0,0.5,1.0,1.0,1.0,0.5,0.5,1.0,0.0,1.0,0.0,0.0,0.0,0.0,0.0,0.0
0.5,0.5,1.0,0.0,1.0,0.0,0.0,0.5,0.0,1.0,0.0,0.0,1.0,1.0,0.0,0.0
0.0,0.0,0.5,1.0,0.0,0.0,0.0,0.0,0.0,0.0,1.0,0.0,0.5,0.0,0.0,0.0
0.0,0.0,1.0,0.5,1.0,0.5,0.5,0.0,0.0,0.5,0.0,0.0,0.5,0.5,0.0,0.0
1.0,0.0,0.0,0.0,0.0,0.0,0.0,0.0,0.0,0.0,0.0,0.0,0.0,0.0,0.0,0.0
0.0,0.0,1.0,0.0,1.0,0.0,0.0,0.0,0.0,1.0,0.0,0.0,0.0,0.0,0.0,0.0
0.0,0.0,0.5,0.0,1.0,0.0,0.0,0.0,0.5,0.0,0.0,0.0,0.5,0.0,0.0,0.0
1.0,0.0,1.0,0.0,0.0,0.0,0.0,0.0,0.0,0.5,0.0,0.0,0.0,0.0,0.0,0.0
0.0,0.0,1.0,0.0,1.0,0.5,0.5,1.0,0.0,0.5,0.0,0.0,0.0,0.0,0.0,0.0
0.0,0.0,0.5,0.0,1.0,0.0,0.5,0.0,0.0,0.0,0.0,0.0,0.0,0.0,0.0,0.0
0.0,1.0,1.0,0.0,1.0,0.0,0.0,1.0,0.0,0.0,0.0,0.0,0.0,0.0,0.0,0.0
0.0,0.0,1.0,0.5,1.0,0.5,0.5,0.5,0.5,1.0,0.0,0.0,0.0,0.0,0.0,0.0
0.0,0.0,0.5,1.0,1.0,0.0,0.0,0.0,0.0,0.0,1.0,0.0,0.0,0.0,0.0,0.0
0.0,0.0,1.0,1.0,1.0,0.0,0.0,0.0,0.0,1.0,1.0,0.0,0.0,0.0,0.0,0.0
0.0,0.0,0.5,0.0,1.0,0.0,0.5,0.5,0.0,0.0,0.0,0.0,0.0,0.0,0.0,0.0
0.0,0.0,1.0,0.0,0.5,0.0,0.5,0.5,0.0,0.5,0.0,0.0,0.0,0.0,0.0,0.0
0.0,0.0,1.0,0.5,0.5,0.5,0.5,0.5,0.0,1.0,0.0,0.0,0.0,0.0,0.0,0.0
0.0,0.0,1.0,1.0,1.0,0.0,0.0,0.0,0.0,0.0,1.0,0.0,0.5,0.0,0.0,0.0
0.0,0.0,1.0,0.0,1.0,0.0,0.0,0.0,0.5,0.0,0.0,0.0,0.0,0.5,0.0,0.0
0.0,0.0,1.0,0.5,1.0,0.5,0.5,0.0,0.0,1.0,0.0,0.0,0.0,0.0,0.0,0.0
0.0,0.0,1.0,0.5,1.0,0.0,0.0,0.0,0.0,1.0,0.0,0.0,0.0,0.0,0.0,0.0
0.0,0.0,1.0,1.0,1.0,0.0,0.0,0.0,0.0,0.0,1.0,0.0,1.0,0.5,0.0,0.0
0.0,0.0,0.5,0.5,0.5,0.0,0.5,0.0,0.0,0.0,0.0,0.0,0.0,0.0,0.0,0.0
0.0,0.0,1.0,0.0,1.0,0.0,0.5,0.5,0.0,1.0,0.0,0.0,0.0,0.0,0.0,0.0
0.0,0.0,0.5,1.0,1.0,0.0,0.0,0.0,0.0,0.0,0.0,0.0,0.5,0.0,0.0,0.0
0.0,0.0,0.5,0.5,1.0,0.0,0.0,0.5,0.0,1.0,0.0,0.0,0.0,0.0,0.0,0.0
0.0,0.0,0.5,0.0,0.0,0.0,0.0,0.0,0.0,0.0,0.0,0.0,0.0,0.5,0.0,0.0
0.0,0.0,1.0,0.0,0.5,0.0,0.0,0.0,0.0,0.0,0.0,0.5,0.0,0.0,0.0,0.0
0.0,0.0,1.0,0.0,0.0,0.0,0.0,0.0,0.0,0.5,0.0,0.0,0.0,0.0,0.0,0.0
0.0,0.0,0.0,1.0,0.5,0.0,0.0,0.0,0.0,0.0,1.0,0.0,0.0,0.0,0.0,0.0
0.0,0.5,0.5,0.0,1.0,0.0,0.0,1.0,0.5,0.5,0.5,0.0,0.0,0.0,0.0,0.0
0.0,0.0,0.0,0.0,1.0,0.0,0.5,0.0,1.0,0.5,0.0,0.0,0.0,0.5,0.0,0.0
0.0,1.0,0.0,0.0,0.5,0.5,0.0,0.0,0.5,0.0,0.0,0.0,0.0,0.5,0.0,0.0
0.0,0.0,1.0,0.0,1.0,0.0,0.0,0.0,0.0,0.0,0.0,0.0,0.0,0.0,0.0,0.0
0.0,0.0,0.0,1.0,1.0,0.0,0.0,0.0,0.5,0.0,1.0,0.0,0.5,0.5,0.0,0.0
1.0,0.5,0.5,1.0,1.0,0.5,0.5,0.0,0.5,1.0,0.5,0.0,1.0,0.0,0.0,0.0
0.5,0.5,0.5,0.5,1.0,0.0,0.0,0.0,0.5,1.0,0.0,0.0,1.0,0.5,0.5,0.0
0.5,0.5,1.0,0.0,1.0,0.5,0.5,0.0,0.0,0.5,0.0,0.0,0.0,0.0,0.0,0.0
0.5,0.0,0.5,1.0,1.0,0.5,0.0,0.0,0.5,0.5,0.5,0.0,0.5,0.0,0.0,0.0
0.0,0.0,1.0,0.0,1.0,0.0,0.5,0.5,0.0,0.5,0.0,0.0,0.5,0.0,0.0,0.0
0.0,0.0,0.0,0.5,0.5,0.0,0.5,0.0,0.0,0.5,0.0,0.0,0.0,0.5,0.5,0.0
0.0,0.0,0.5,1.0,0.5,0.0,0.5,0.0,0.0,0.5,0.5,0.0,0.0,0.0,0.0,0.0
0.0,0.0,0.5,1.0,1.0,0.5,0.0,0.0,0.5,1.0,0.0,0.0,0.0,1.0,0.0,0.5
0.0,0.0,0.5,0.5,1.0,0.5,0.5,1.0,0.5,0.5,0.5,0.5,0.5,0.5,0.0,0.0
0.0,0.0,1.0,0.0,1.0,0.0,1.0,0.5,0.5,0.5,0.0,0.0,0.0,0.5,0.0,0.0
1.0,0.5,1.0,1.0,1.0,1.0,1.0,1.0,0.5,1.0,1.0,0.0,0.0,0.5,0.5,0.0
0.0,1.0,0.0,0.0,1.0,0.5,0.0,0.0,0.5,1.0,0.0,0.0,0.0,0.5,0.0,0.0
0.0,0.0,0.5,0.0,0.5,0.0,0.0,0.0,0.5,0.0,0.0,0.0,0.0,0.0,0.5,0.0
0.0,0.0,1.0,1.0,1.0,0.5,0.0,0.0,0.5,0.5,1.0,0.0,0.5,0.5,0.0,0.0
0.5,0.5,0.0,0.0,1.0,0.5,0.5,0.5,0.5,0.5,0.0,0.0,0.0,0.0,0.0,0.0
0.5,0.5,1.0,0.0,1.0,0.0,0.5,0.5,0.0,0.5,0.0,0.0,0.0,0.5,0.0,0.0
0.0,0.0,1.0,0.0,0.0,0.0,0.0,0.0,0.0,0.0,0.0,0.0,0.0,0.0,0.0,0.0
0.0,0.0,0.5,0.5,0.0,0.0,0.0,0.0,0.0,0.0,0.0,0.0,0.0,0.0,0.0,0.0
0.0,0.5,0.5,0.5,1.0,0.5,0.5,0.5,0.5,0.0,0.0,0.0,0.0,1.0,0.0,0.0
0.0,1.0,0.0,0.0,1.0,0.5,0.0,0.0,0.5,0.0,0.0,0.0,0.0,0.5,0.0,0.0
0.0,0.0,1.0,0.0,1.0,0.0,1.0,0.0,0.5,0.0,0.0,0.0,0.0,0.0,0.0,0.0
1.0,0.0,0.5,0.0,0.0,0.0,1.0,0.5,0.0,0.0,0.0,0.0,0.0,0.0,0.0,0.0
0.0,0.0,1.0,0.0,1.0,0.0,0.5,0.5,0.0,1.0,0.0,0.0,0.0,0.0,0.0,0.0
0.5,0.5,1.0,0.0,1.0,0.5,0.0,0.5,0.5,0.0,0.0,0.0,0.0,0.0,0.0,0.0
0.5,0.5,0.5,0.0,1.0,1.0,1.0,0.0,0.5,1.0,0.0,0.0,0.0,0.0,0.0,0.0
0.0,1.0,0.0,0.0,1.0,0.0,0.5,0.5,0.0,1.0,0.0,0.0,0.0,0.5,0.0,0.0
0.0,1.0,0.5,1.0,1.0,1.0,0.0,0.5,0.5,0.0,0.5,0.0,0.5,0.5,0.0,0.0
0.0,0.0,1.0,0.0,1.0,0.0,0.5,0.0,0.0,1.0,0.0,0.0,0.0,0.0,0.0,0.0
0.0,0.0,0.5,1.0,1.0,0.0,0.5,1.0,0.0,0.5,0.0,0.0,0.0,0.5,0.0,0.0
0.0,0.0,0.5,0.0,1.0,0.0,0.5,0.0,0.0,0.5,0.0,0.0,0.0,0.0,0.0,0.0
0.0,0.0,0.5,0.5,0.0,1.0,0.0,0.0,0.0,0.0,1.0,0.0,0.0,0.0,0.0,0.0
0.0,0.0,1.0,1.0,1.0,0.0,0.5,0.0,0.0,0.5,0.5,0.0,0.0,0.0,0.0,0.0
0.0,1.0,0.0,0.0,1.0,0.0,0.0,0.5,0.5,0.0,0.0,0.0,0.0,1.0,0.0,0.0
0.0,0.0,0.5,0.0,1.0,0.5,0.0,0.0,0.0,0.0,0.0,0.0,0.0,0.5,0.0,0.0
0.0,0.0,0.5,0.0,1.0,0.0,0.0,0.0,0.5,0.5,0.0,0.0,0.0,0.5,0.0,0.0
1.0,0.0,0.0,0.0,1.0,0.5,0.0,0.0,0.5,0.5,0.0,0.0,0.0,0.5,0.0,0.0
0.0,0.0,0.0,0.0,1.0,0.0,0.0,0.0,0.0,0.0,0.0,0.0,0.5,0.5,1.0,0.0
0.0,0.0,0.0,0.0,1.0,0.5,0.0,0.0,1.0,0.0,0.0,0.0,0.0,1.0,0.0,0.0
0.0,0.0,1.0,0.0,0.5,0.0,0.0,0.0,0.5,0.0,0.0,0.5,0.0,0.5,0.0,0.0
0.0,0.0,1.0,0.0,0.5,0.0,0.5,0.0,0.5,0.0,0.0,0.0,0.0,0.0,0.0,0.0
0.0,0.0,0.5,0.5,1.0,0.0,0.5,0.0,0.0,1.0,0.5,0.0,0.5,0.5,0.5,0.5
0.0,0.0,0.0,0.0,1.0,0.0,0.0,0.0,0.5,0.0,0.0,0.0,0.5,0.0,0.5,0.0
0.0,0.0,0.0,1.0,1.0,0.0,0.0,0.0,0.0,0.0,1.0,0.0,0.0,0.5,0.0,0.0
0.0,0.5,0.5,0.0,0.5,1.0,0.0,0.0,0.0,0.5,0.0,0.0,0.0,0.5,0.5,0.0
0.5,0.5,0.5,1.0,1.0,0.0,0.0,0.0,0.0,0.5,1.0,0.0,0.5,0.5,0.0,0.0
0.0,0.5,1.0,0.0,1.0,0.5,0.0,0.5,0.0,1.0,0.0,0.0,0.0,0.0,0.0,0.0
0.0,0.0,0.5,0.5,1.0,0.0,0.5,0.5,0.0,1.0,0.0,0.0,0.0,0.0,0.0,0.0
0.0,0.0,1.0,0.0,0.5,0.0,0.0,0.0,0.0,0.5,0.0,0.0,0.0,0.0,0.0,0.0
0.0,1.0,0.0,0.0,1.0,0.5,0.5,0.0,0.0,0.0,0.0,0.0,0.0,0.0,0.0,0.0
0.0,0.0,0.5,0.5,1.0,0.0,0.0,0.0,0.0,0.5,0.0,0.0,0.0,1.0,0.0,0.0
0.5,0.0,1.0,0.5,0.5,0.5,0.0,0.0,0.5,1.0,0.0,0.0,0.0,0.0,0.0,0.0
0.0,1.0,1.0,0.5,1.0,0.5,1.0,0.5,0.5,1.0,0.0,0.0,0.0,0.5,0.0,0.0
0.0,0.0,1.0,0.0,1.0,0.0,0.5,0.0,0.5,1.0,0.0,0.0,0.0,0.0,0.0,0.0
0.0,0.0,1.0,0.0,1.0,0.0,0.5,0.0,0.0,1.0,0.0,0.0,0.5,0.0,0.0,0.0
0.0,0.0,0.0,0.5,1.0,0.5,0.5,0.5,0.5,0.0,0.0,0.0,0.0,0.5,0.5,0.0
0.0,0.0,1.0,0.5,1.0,0.5,0.5,0.5,0.5,1.0,0.0,0.0,0.5,0.5,0.0,0.0
0.0,0.0,0.5,0.5,1.0,0.0,0.0,0.0,1.0,1.0,0.0,0.0,0.0,0.0,0.0,0.0
0.0,0.0,1.0,0.5,1.0,0.0,0.5,0.5,0.5,0.5,0.0,0.0,1.0,0.5,0.0,0.0
0.0,0.0,1.0,0.0,0.0,0.0,1.0,0.0,0.0,0.0,0.0,0.0,0.0,0.0,0.0,0.0
1.0,0.0,0.0,0.0,0.0,0.0,0.0,0.5,0.0,0.0,0.0,0.0,0.0,0.0,0.0,0.0
0.0,0.0,1.0,0.0,1.0,0.5,0.5,1.0,1.0,0.0,0.0,0.0,0.0,0.0,0.0,0.0
0.0,1.0,0.5,0.0,1.0,0.5,0.0,0.0,0.5,0.0,0.0,0.0,0.0,0.5,0.0,0.0
0.0,0.0,1.0,0.0,1.0,0.0,1.0,1.0,0.5,0.5,0.0,0.0,0.0,0.0,0.0,0.0
0.0,0.0,1.0,0.0,1.0,0.5,0.5,0.0,0.0,1.0,0.0,0.0,0.0,0.0,0.0,0.0
0.5,0.5,1.0,0.5,1.0,0.0,0.5,0.5,0.0,1.0,0.0,0.0,0.0,0.0,0.0,0.0
0.0,0.0,0.0,0.0,1.0,0.0,0.0,0.5,0.5,0.5,0.0,0.0,0.0,0.0,0.0,0.0
0.0,0.0,1.0,0.0,1.0,0.0,0.5,0.0,0.0,0.5,0.0,0.0,0.0,0.0,0.0,0.0
0.0,0.0,1.0,0.5,1.0,0.5,1.0,1.0,0.0,1.0,0.0,0.0,0.0,0.0,0.0,0.0
0.0,0.0,0.5,1.0,1.0,0.5,0.5,0.0,0.5,0.5,0.0,0.0,0.0,0.0,0.0,0.0
0.0,0.0,0.0,0.5,1.0,0.0,0.0,0.0,0.5,0.0,0.0,0.0,0.0,0.0,0.0,0.0
0.0,0.0,0.0,0.5,1.0,0.0,0.5,0.0,0.0,0.5,0.0,0.0,0.0,0.5,0.0,0.0
1.0,0.0,0.5,1.0,1.0,0.0,0.5,0.5,0.0,0.5,0.0,0.0,0.0,0.0,0.0,0.0
1.0,0.0,0.0,0.0,1.0,0.0,0.5,0.5,0.0,0.5,0.0,0.0,0.0,0.0,0.0,0.0
0.5,0.5,0.5,0.5,1.0,0.0,0.5,0.0,0.0,0.0,0.0,0.0,0.0,0.0,0.0,0.0
0.0,0.0,0.5,0.5,1.0,0.0,1.0,0.5,1.0,1.0,0.0,0.0,0.0,0.0,0.0,0.0
0.0,0.0,1.0,0.0,1.0,0.0,0.5,0.0,0.0,0.5,0.0,0.0,0.0,0.0,0.0,0.0
0.0,0.0,0.5,1.0,1.0,0.0,0.0,0.0,0.0,0.5,1.0,0.0,0.0,0.5,0.0,0.0
0.0,0.0,0.0,0.0,1.0,0.5,0.0,0.0,0.5,1.0,0.0,0.0,0.0,0.0,0.0,0.0
0.0,1.0,0.0,0.0,0.5,0.5,0.0,0.0,0.5,1.0,0.0,0.0,0.0,0.0,0.0,0.0
0.0,0.0,0.0,0.0,1.0,0.0,0.0,0.0,0.0,0.0,0.0,0.0,0.0,0.0,0.0,0.0
0.0,1.0,0.5,0.5,1.0,0.5,0.5,0.0,0.5,1.0,0.0,0.0,0.0,0.5,0.0,0.0
0.0,0.0,0.0,0.5,1.0,0.0,0.5,0.0,0.0,0.5,0.5,0.0,0.0,0.5,0.0,0.0
0.0,0.0,1.0,0.0,1.0,0.0,0.0,1.0,0.0,1.0,0.0,0.0,0.0,0.0,0.0,0.0
1.0,0.0,1.0,1.0,1.0,0.5,0.5,0.5,0.5,0.5,0.5,0.5,0.5,0.0,0.0,0.0
0.0,0.0,0.5,0.0,1.0,1.0,0.5,0.0,0.0,0.0,0.0,0.0,0.0,0.0,0.0,0.0
1.0,0.5,0.5,0.0,1.0,0.0,0.0,0.0,0.0,0.5,0.0,0.0,0.0,0.5,0.5,0.0
0.0,0.0,0.5,0.0,1.0,0.0,1.0,0.0,0.5,0.0,0.0,0.0,0.0,0.5,0.0,0.0
0.0,0.0,0.0,0.0,0.5,0.0,0.0,0.0,0.0,1.0,0.0,0.0,0.0,0.0,0.0,0.0
0.0,1.0,1.0,0.0,1.0,1.0,0.5,1.0,0.5,0.5,0.0,0.0,1.0,0.0,0.5,0.0
0.0,0.0,1.0,0.0,1.0,0.0,0.0,0.5,0.0,1.0,0.0,0.0,0.0,0.5,0.0,0.0
0.0,0.0,1.0,0.0,1.0,0.0,1.0,1.0,0.0,0.0,0.0,0.0,0.0,0.0,0.0,0.0
0.0,0.0,1.0,0.0,0.0,0.0,0.0,0.0,0.0,0.5,0.0,0.0,0.0,0.0,0.0,0.0
0.0,0.0,0.0,0.5,1.0,0.0,0.0,0.0,0.0,0.0,0.0,0.0,0.0,1.0,0.0,0.0
0.0,0.0,0.5,1.0,1.0,0.5,0.0,0.0,0.0,1.0,0.0,0.0,0.0,0.5,0.5,0.0
0.0,0.0,1.0,0.0,0.5,0.0,0.5,0.0,0.0,1.0,0.0,0.5,0.0,0.0,0.0,0.0
0.0,0.0,1.0,0.0,1.0,0.0,0.0,0.0,0.0,1.0,0.0,0.0,0.0,0.0,0.0,0.0
0.0,0.5,0.5,0.0,1.0,0.0,1.0,1.0,0.0,0.0,0.0,0.0,0.0,0.0,0.0,0.0
0.0,0.0,0.5,0.5,1.0,0.0,0.0,0.0,0.5,0.0,0.0,0.0,0.0,0.0,0.0,0.0
0.0,0.0,1.0,0.0,0.5,0.0,0.0,0.5,0.0,1.0,0.0,0.0,0.0,0.0,0.0,0.0
1.0,0.0,1.0,0.5,1.0,0.0,0.0,0.0,0.5,1.0,0.5,0.0,0.5,0.5,0.0,0.0
0.0,0.0,0.5,1.0,1.0,0.0,0.0,0.0,0.0,0.0,0.0,0.0,0.5,0.0,0.0,0.0
0.0,0.0,0.5,1.0,1.0,0.0,0.0,0.0,1.0,0.5,0.0,0.0,0.0,0.0,0.0,0.0
0.0,0.0,0.0,0.5,1.0,0.0,0.0,0.0,0.0,1.0,0.5,0.0,0.0,0.0,0.0,0.0
0.0,0.0,0.5,0.0,0.5,0.0,0.0,0.0,0.0,1.0,0.0,0.0,0.5,0.5,0.0,0.0
0.0,0.0,0.5,0.0,0.5,0.0,0.5,0.0,0.0,1.0,0.0,0.0,0.0,0.0,0.0,0.0
0.0,0.0,1.0,0.5,1.0,0.5,0.0,0.0,0.5,1.0,0.0,0.5,0.0,1.0,0.5,0.0
0.5,1.0,0.5,0.0,0.5,1.0,0.0,1.0,0.0,0.0,0.0,0.0,0.0,0.0,0.0,0.0
1.0,0.0,0.5,1.0,0.5,0.0,0.0,0.5,0.0,1.0,0.0,0.0,0.0,0.5,0.0,0.0
0.0,0.0,1.0,0.0,1.0,0.0,0.0,0.0,0.0,0.0,0.0,0.0,0.0,0.0,0.0,0.0
0.0,0.0,1.0,0.0,0.5,0.0,0.0,0.0,0.0,0.5,0.0,0.0,0.0,0.0,0.0,0.0
0.0,0.0,0.5,0.0,1.0,0.0,1.0,1.0,0.0,1.0,0.0,0.0,0.0,0.0,0.0,0.0
0.0,0.0,1.0,1.0,0.5,0.5,0.5,0.0,0.0,0.0,1.0,0.0,0.0,0.0,0.0,0.0
0.0,0.0,0.0,0.5,1.0,0.0,0.0,0.0,0.0,0.0,0.0,0.5,0.0,0.5,0.0,0.0
1.0,0.0,0.0,0.0,0.0,0.0,0.0,0.0,0.0,1.0,0.0,0.0,0.0,0.0,0.0,0.0
0.0,1.0,0.5,0.0,1.0,0.5,0.5,0.5,0.5,0.5,0.0,0.0,0.5,1.0,0.5,0.0
0.0,0.0,0.5,0.0,1.0,1.0,0.5,0.0,0.0,1.0,0.5,0.0,0.0,1.0,0.5,0.0
0.0,0.0,1.0,0.0,1.0,0.0,0.0,0.0,0.0,0.5,0.0,0.0,0.0,1.0,0.0,0.0
0.0,0.0,0.0,0.0,1.0,0.0,0.0,0.0,0.0,0.0,0.0,0.0,0.5,1.0,0.0,0.0
0.0,0.0,1.0,0.0,1.0,0.0,0.0,0.5,0.0,1.0,0.0,0.0,0.0,0.0,0.0,0.0
0.0,1.0,0.0,0.0,1.0,0.0,0.0,0.0,0.5,0.5,0.0,0.0,0.0,0.0,0.0,0.0
0.0,0.0,0.0,0.0,1.0,1.0,0.0,0.0,0.5,0.0,0.0,0.0,0.5,0.0,0.0,0.0
0.0,0.0,0.5,0.5,0.5,1.0,0.5,0.0,0.0,0.5,0.0,0.0,1.0,0.0,0.0,0.0
0.0,0.0,0.5,0.0,1.0,0.5,0.5,0.0,0.0,0.5,0.0,0.0,0.0,0.0,0.0,0.0
0.0,0.0,0.5,0.0,1.0,0.5,0.0,0.0,0.0,0.5,0.0,0.0,0.5,0.0,0.5,0.0
0.0,0.0,1.0,0.0,0.0,0.5,0.0,0.0,0.0,0.0,0.0,0.5,0.0,0.5,0.0,0.0
0.0,0.0,1.0,0.5,1.0,0.0,1.0,0.5,0.0,0.5,0.0,0.0,0.0,0.0,0.0,0.0
0.5,0.5,0.0,0.5,0.5,1.0,0.5,0.0,0.5,0.5,0.0,0.0,0.0,0.0,0.0,0.0
1.0,0.5,0.5,0.0,0.5,0.5,0.0,0.0,0.5,0.5,0.0,0.0,0.0,0.5,0.5,0.0
0.5,0.5,1.0,0.0,1.0,0.5,0.5,0.0,0.5,1.0,0.0,0.0,0.5,0.5,0.0,0.0
0.0,0.0,0.5,0.0,1.0,0.0,0.5,0.0,0.5,0.5,0.0,0.0,0.0,0.0,0.0,0.0
0.0,0.0,0.0,0.5,0.5,0.5,0.5,0.0,0.5,1.0,0.0,0.0,1.0,0.0,0.0,0.0
0.0,0.0,1.0,0.5,1.0,0.0,0.5,0.0,0.0,0.5,0.0,0.0,0.0,0.0,0.0,0.0
0.0,1.0,0.5,0.5,1.0,0.0,0.0,1.0,0.0,0.0,1.0,0.0,0.0,0.0,0.0,0.0
0.0,0.0,1.0,0.0,0.5,0.0,0.0,0.0,0.5,0.5,0.0,0.0,0.0,0.0,0.0,0.0
0.0,0.0,1.0,0.0,1.0,0.0,0.0,0.0,0.5,1.0,0.0,0.0,0.0,0.0,0.0,0.0
0.0,0.0,0.5,1.0,1.0,0.0,0.5,0.5,0.0,0.5,1.0,0.0,0.5,0.0,0.0,0.0
0.0,0.0,0.5,0.0,1.0,0.5,0.5,0.0,0.5,0.5,0.0,0.0,0.5,0.0,0.0,0.0
0.0,0.0,0.5,1.0,1.0,0.0,0.5,0.0,0.0,0.0,1.0,0.0,0.0,0.0,0.0,0.0
0.0,0.0,0.0,0.0,0.5,0.0,0.5,0.0,0.0,0.0,0.0,0.0,0.0,0.0,0.0,0.0
0.0,1.0,1.0,0.0,1.0,0.0,0.5,0.0,0.5,0.5,0.0,0.0,0.0,0.0,0.0,0.0
0.0,0.0,0.0,1.0,1.0,0.0,0.5,0.0,0.0,1.0,0.0,0.0,0.0,0.0,0.0,0.0
0.0,0.0,0.0,0.0,1.0,0.5,0.0,0.0,0.0,0.5,0.0,0.0,0.0,0.5,0.0,0.0
0.0,1.0,1.0,0.5,1.0,0.5,0.5,0.0,0.5,1.0,0.0,0.0,1.0,0.5,0.0,0.0
0.0,0.0,1.0,0.5,1.0,0.0,0.5,0.0,0.0,0.5,0.0,0.0,0.0,0.0,0.0,0.0
0.0,0.0,1.0,0.0,0.0,0.0,0.0,0.0,0.0,1.0,0.0,0.0,0.0,0.0,0.0,0.0
0.0,0.0,1.0,1.0,1.0,0.0,0.5,0.0,0.0,0.5,0.0,0.0,0.0,0.0,0.0,0.0
0.0,0.0,0.5,0.0,1.0,0.0,0.5,0.0,0.0,0.0,0.0,0.0,0.0,0.0,0.0,0.0
0.0,1.0,0.0,0.5,0.0,0.0,0.0,0.0,0.0,0.0,0.5,0.0,0.0,0.0,0.0,0.0
0.0,0.0,0.5,0.0,1.0,0.0,0.0,0.0,0.0,1.0,0.0,0.0,0.0,1.0,0.0,0.0
0.0,0.0,0.5,1.0,1.0,0.0,0.5,0.0,0.0,0.5,0.0,0.0,0.0,0.0,0.0,0.0
0.0,0.0,1.0,0.0,1.0,0.0,0.5,0.0,0.0,0.5,0.0,0.0,0.0,0.0,0.0,0.0
0.0,0.0,1.0,0.5,1.0,0.0,0.0,0.0,0.0,0.0,0.0,0.0,0.0,0.0,0.0,0.0
0.0,0.0,0.5,1.0,0.5,0.0,0.0,0.0,0.0,0.0,0.0,0.0,0.5,0.0,0.0,0.0
0.0,0.5,1.0,1.0,1.0,0.0,0.5,0.0,0.0,0.0,0.0,0.0,0.5,0.0,0.0,0.0
0.0,0.0,1.0,0.5,1.0,0.0,0.5,0.0,0.5,1.0,0.0,0.0,0.0,0.0,0.0,0.0
0.0,0.0,1.0,0.5,1.0,1.0,0.5,0.0,0.0,0.0,0.0,0.0,0.0,0.5,0.0,0.0
0.0,0.0,0.0,0.0,0.5,1.0,0.0,0.0,0.5,0.0,0.0,0.0,0.0,1.0,0.0,0.0
1.0,0.0,0.0,0.0,0.5,0.0,1.0,0.0,0.0,0.0,0.0,0.0,0.0,0.0,0.0,0.0
0.0,0.0,1.0,1.0,1.0,0.5,0.5,0.0,0.5,1.0,0.5,0.0,0.5,0.0,0.0,0.0
0.0,0.0,0.5,0.5,1.0,0.0,0.0,0.0,0.0,0.0,0.0,0.0,0.0,0.5,0.0,0.0
0.0,0.0,1.0,0.0,1.0,0.0,0.5,0.5,0.0,1.0,0.0,0.0,0.0,0.0,0.0,0.0
0.5,0.5,0.5,0.0,0.5,0.0,0.5,0.0,0.0,0.5,0.0,0.0,0.0,0.0,0.0,0.0
0.0,0.0,0.0,0.5,1.0,0.0,0.0,0.0,0.0,0.0,0.0,0.0,0.5,1.0,0.0,0.0
1.0,0.0,0.0,0.0,0.5,0.0,0.0,0.0,0.0,0.0,0.0,0.0,0.0,0.0,0.0,0.0
0.0,0.0,0.5,0.0,1.0,0.0,0.5,0.5,0.0,1.0,0.0,0.0,0.0,0.0,0.0,0.0
1.0,0.5,0.0,0.0,0.5,0.5,0.0,0.0,0.5,0.5,0.0,0.0,1.0,0.0,0.0,0.0
0.0,0.0,1.0,0.0,1.0,0.5,0.5,0.0,0.0,0.5,0.0,0.0,0.5,0.0,0.0,0.0
0.0,0.0,1.0,0.5,0.0,0.0,0.0,0.0,0.0,0.0,0.0,0.0,0.0,0.0,0.0,0.0
0.0,0.0,1.0,0.0,1.0,0.0,0.0,0.0,0.0,1.0,0.0,0.0,0.0,0.0,0.0,0.0
1.0,0.0,0.5,1.0,0.0,0.0,0.0,0.0,0.0,0.0,1.0,0.0,0.0,0.5,0.0,0.0
0.5,0.5,0.0,0.0,1.0,0.0,0.0,0.0,0.0,0.0,0.0,0.0,0.0,0.0,0.0,0.0
0.0,0.0,1.0,1.0,1.0,0.0,0.5,0.0,0.0,1.0,0.0,0.0,0.0,0.0,0.0,0.0
0.0,0.5,0.0,1.0,1.0,0.0,0.0,0.0,0.0,0.0,0.0,0.0,0.5,0.0,0.0,0.0
0.0,0.0,0.5,0.0,1.0,0.0,1.0,0.0,0.5,1.0,0.0,0.0,0.5,0.5,0.0,0.0
0.0,0.0,1.0,0.0,1.0,0.0,0.5,0.0,0.0,1.0,0.0,0.0,0.0,0.0,0.0,0.0
1.0,0.0,0.5,0.0,1.0,0.5,0.5,0.5,0.0,1.0,0.0,0.0,0.0,0.0,0.0,0.0
0.0,0.0,1.0,0.0,0.5,0.5,0.0,0.0,0.0,0.0,0.0,0.0,0.0,0.0,0.0,0.0
0.0,0.0,0.0,1.0,1.0,0.0,0.0,0.0,0.0,0.0,0.5,0.0,0.0,0.0,0.0,0.0
0.0,1.0,0.5,0.0,1.0,0.5,0.0,0.0,0.5,0.5,0.0,0.0,1.0,0.5,0.0,0.0
0.0,0.0,1.0,0.0,1.0,0.0,0.0,0.0,0.0,0.5,0.0,0.0,0.0,0.0,0.0,0.0
0.0,0.0,0.5,0.0,1.0,0.0,0.5,0.0,1.0,0.0,0.0,0.0,0.0,0.0,0.5,0.0
0.0,0.0,0.5,0.0,1.0,0.0,0.0,0.0,0.5,0.5,0.0,0.0,0.0,0.0,0.0,0.0
0.0,0.5,1.0,0.0,1.0,0.0,0.5,0.0,0.0,0.5,0.0,0.0,0.0,0.5,0.0,0.0
0.0,0.0,0.5,1.0,1.0,0.0,1.0,0.5,0.5,1.0,0.0,0.0,1.0,0.5,0.0,0.0
0.5,0.5,0.0,0.0,0.5,0.0,0.0,0.0,0.0,0.0,0.0,0.0,0.0,0.0,0.0,0.0
0.0,0.0,1.0,0.5,1.0,0.0,0.0,0.5,0.0,0.5,0.0,0.0,0.0,0.0,0.0,0.0
0.0,0.0,1.0,0.5,0.5,0.0,0.0,0.0,0.0,0.0,0.0,0.0,0.0,0.5,0.0,0.0
0.0,0.0,0.5,1.0,1.0,0.0,0.0,0.0,0.0,0.0,0.0,0.0,0.0,0.0,0.0,0.0
0.0,0.0,1.0,1.0,1.0,0.0,0.0,0.0,0.0,0.0,0.5,0.0,0.0,0.5,0.5,0.0
0.5,0.5,1.0,0.0,0.0,0.0,0.5,0.0,0.0,1.0,0.0,0.0,0.0,0.0,0.0,0.0
0.0,0.0,1.0,0.0,0.5,0.0,0.5,0.0,0.0,0.5,0.0,0.0,0.0,0.0,0.0,0.0
0.0,0.0,0.0,0.5,1.0,0.0,0.0,0.0,0.0,0.0,0.0,1.0,0.0,0.5,0.0,0.0
0.0,0.0,0.5,1.0,1.0,0.5,0.5,0.5,0.5,0.0,0.0,0.0,0.0,0.5,0.0,0.0
0.0,0.0,1.0,0.5,0.5,0.5,0.0,0.0,0.0,0.5,0.0,0.0,0.0,0.5,0.0,0.0
0.0,0.0,0.5,1.0,1.0,0.0,0.0,0.0,0.0,0.5,0.0,0.0,0.0,0.5,0.0,0.0
0.0,0.0,1.0,1.0,1.0,0.5,0.5,0.5,0.5,1.0,0.0,0.0,0.5,0.0,0.0,0.0
0.0,1.0,0.5,0.5,1.0,0.5,0.0,1.0,0.5,0.0,0.0,0.0,0.5,0.0,0.0,0.0
0.0,0.0,1.0,1.0,1.0,0.0,0.5,0.0,0.0,1.0,0.5,0.0,0.0,0.5,0.0,0.0
0.0,0.0,0.5,0.5,1.0,0.5,0.5,0.0,0.0,0.0,0.0,0.0,0.0,1.0,0.0,0.0
0.0,0.0,1.0,0.0,1.0,0.0,1.0,1.0,0.5,0.5,0.0,0.0,0.0,0.5,0.0,0.0
0.0,0.0,0.5,1.0,0.5,0.0,0.0,0.0,0.0,0.0,1.0,0.0,0.5,1.0,0.0,0.0
0.0,0.0,0.5,1.0,1.0,0.0,0.0,0.0,0.0,1.0,1.0,0.0,0.0,0.5,0.0,0.0
0.0,0.0,1.0,0.0,1.0,0.0,0.0,0.0,0.0,0.0,0.0,0.0,0.0,1.0,0.0,0.0
0.0,0.0,0.5,1.0,1.0,0.0,0.0,0.0,0.5,0.5,1.0,0.0,0.5,0.0,0.0,0.0
0.0,0.0,0.0,1.0,1.0,0.0,0.0,0.0,0.0,0.0,0.5,0.0,0.0,0.5,0.0,0.0
0.0,0.0,0.5,0.5,1.0,0.0,0.0,0.0,0.0,0.0,0.0,0.0,0.5,1.0,0.0,0.0
0.0,0.0,0.5,1.0,1.0,0.0,0.0,0.0,0.0,0.0,0.0,0.0,0.5,0.5,0.0,0.0
1.0,0.0,0.5,1.0,1.0,0.0,0.0,0.0,0.0,0.0,0.5,0.0,0.5,0.0,0.0,0.0
0.0,0.0,1.0,1.0,0.0,0.0,0.0,0.0,0.0,0.0,0.5,0.0,0.0,0.0,0.0,0.0
0.0,0.0,1.0,0.5,0.0,0.0,0.0,0.0,0.0,1.0,0.5,0.0,0.0,0.0,0.0,0.0
0.0,0.0,1.0,0.5,0.0,0.0,0.0,0.0,0.0,0.5,0.0,0.0,0.0,0.0,0.0,0.0
0.0,0.0,0.5,0.5,0.5,0.0,0.0,0.0,0.0,0.0,0.0,0.0,0.0,0.0,0.0,0.0
0.0,0.0,0.5,0.5,0.0,0.0,0.5,0.0,0.0,1.0,0.0,0.0,0.0,0.0,0.0,0.0
0.0,0.0,0.5,1.0,1.0,0.0,0.0,0.0,0.0,0.0,0.5,0.0,0.0,0.5,0.0,0.0
0.0,0.0,1.0,1.0,1.0,0.0,1.0,1.0,0.5,1.0,0.5,0.0,0.0,0.0,0.0,0.0
0.0,1.0,0.5,0.0,0.5,0.5,0.0,0.0,0.5,0.0,0.0,0.0,0.0,0.5,0.0,0.0
0.0,0.0,1.0,0.0,0.0,0.0,0.0,0.0,0.0,0.0,0.0,0.0,0.0,0.0,0.0,0.0
0.0,0.0,1.0,0.5,0.5,0.0,0.0,0.0,0.0,0.0,0.0,0.0,0.0,0.5,0.0,0.0
0.0,0.0,0.5,1.0,0.5,0.0,0.0,0.0,0.0,0.0,0.5,0.0,0.0,0.5,0.0,0.0
0.0,1.0,0.0,0.0,1.0,0.0,0.5,0.0,0.0,0.0,0.0,0.0,0.0,0.0,0.0,0.0
0.0,0.0,0.0,0.0,1.0,0.5,0.5,0.0,0.5,0.0,0.0,0.0,0.0,0.0,0.0,0.0
0.0,0.0,1.0,0.0,1.0,0.5,0.0,0.0,0.5,0.0,0.0,0.0,0.0,0.5,0.0,0.0
0.0,0.0,0.5,0.5,0.5,0.0,0.0,0.0,0.0,0.0,0.0,0.0,0.0,0.0,0.0,0.0
0.0,0.0,1.0,0.5,1.0,0.0,0.5,0.0,0.0,0.5,0.0,0.0,0.0,0.0,0.0,0.0
0.0,1.0,0.5,0.0,1.0,0.0,0.0,0.5,0.5,0.0,0.0,0.0,0.0,0.0,0.0,0.0
0.0,0.0,1.0,0.0,1.0,0.0,0.0,0.0,0.0,0.5,0.5,0.0,0.0,0.0,0.0,0.0
0.5,0.5,1.0,0.0,0.0,0.0,0.0,0.0,0.0,1.0,0.0,0.0,0.0,0.0,0.0,0.0
0.0,0.0,0.5,0.0,1.0,0.0,0.5,0.0,0.0,0.0,0.0,0.0,0.0,0.0,0.0,0.0
0.0,0.0,1.0,0.0,0.5,0.0,0.0,0.0,0.0,0.0,0.0,0.0,0.0,0.0,0.0,0.0
0.0,0.0,1.0,0.0,0.5,0.0,0.0,0.0,0.0,1.0,0.5,0.0,0.0,0.0,0.0,0.0
0.5,0.5,1.0,0.0,1.0,0.0,0.0,0.0,0.0,0.0,0.0,0.0,0.0,0.0,0.0,0.0
0.0,1.0,0.0,0.0,0.5,0.5,0.0,0.0,0.5,0.0,0.0,0.0,0.0,0.0,0.0,0.0
0.0,0.0,1.0,0.5,1.0,0.0,0.0,0.0,0.0,0.0,0.5,0.0,0.0,0.0,0.0,0.0
0.0,0.0,1.0,0.5,1.0,0.0,0.5,0.5,0.0,0.5,0.0,0.0,0.0,0.0,0.0,0.0
0.0,0.0,1.0,0.5,0.0,0.0,0.0,0.0,0.0,0.0,1.0,0.0,0.0,0.0,0.0,0.0
0.0,0.0,0.0,0.0,1.0,0.0,0.0,0.0,0.0,0.0,0.0,0.0,0.0,0.0,0.0,0.0
0.0,0.0,1.0,0.0,1.0,0.0,0.0,0.5,0.5,1.0,0.0,0.0,0.5,0.0,0.0,0.0
0.0,0.0,1.0,0.5,1.0,0.5,0.0,0.0,0.5,0.0,1.0,0.0,0.0,1.0,0.0,0.0
0.0,0.0,1.0,0.5,1.0,0.0,0.5,0.0,0.0,0.0,0.0,0.0,0.0,0.0,0.0,0.0
0.0,1.0,0.0,0.0,1.0,0.5,0.0,0.0,0.5,0.0,0.0,0.0,0.0,0.0,0.0,0.0
0.0,0.0,1.0,0.5,0.0,0.0,0.0,0.0,0.0,0.5,0.5,0.0,0.0,0.0,0.0,0.0
