source,item_idx,City,Comment,gold_nimby,content_desc
reddit,0,southbend,Are you implying that local police beat panhandlers with batons?  Because they don't .,0,Reddit comment
reddit,1,southbend,"If the city did not want this, they would not have dedicated half of the downtown area to homeless shelters. This is what we get for narcissistically institutionalizing compassion, the flipside to self congratulatory [STREET]-jerk galas.",0,Reddit comment
reddit,2,southbend,"I know the corner of  [ORGANIZATION] and [ORGANIZATION] is one of the corners this guy apparently has people 'working.' The corner is always covered and it seems to rotate through a few of the same individuals, almost as if the are on shifts. I haven't heard much more than that, but I have heard the same thing from various people who work with homeless and/or addicts. I don't personally provide direct services or work with clients anymore so I haven't heard it myself but I trust those I have heard it from. Some were talking about trying to alert media or police to it but not sure that anyone has enough information to work with. ",0,Reddit comment
reddit,3,southbend,"Not a big surprise?

There is not a lack of low paying jobs here. The top needs of the panhandlers is usually mental care, which we as a society really suck at providing. Giving someone with a substance abuse problem or a mental disorder a trashbag and $10 an hour to pick up trash isn't going to do a lot.",0,Reddit comment
reddit,4,southbend,"Good call [ORGANIZATION]. Many, not all, of the panhandlers don't want a job. A great deal of them are former residents of FAC0 in town. They are usually out there begging for money to pay for their addiction and put money in their dealers hand.

I believe a better option is to take any money that could have gone to this and continue to provide low cost housing for the truly homeless. Couple that with finding a [STREET] to get more mental health facilities in town would go a longer [STREET] than jobs for these people.",0,Reddit comment
reddit,5,southbend,"Not really a new thing. When I lived in that area [ORGANIZATION], we'd have panhandlers come to our door a few times a month.",0,Reddit comment
