source,category,mechanism,n,gold_pos_2of3,prevalence_2of3,any_pos_rate,split_rate,unanimity_rate,mean_vote_rate_p,P_o,P_e,kappa_like,PABAK
reddit,ask a genuine question,moderate_agreement,500.0,57.0,0.114,0.198,0.15,0.85,0.12,0.9,0.7888,0.5265151515151517,0.8
reddit,ask a rhetorical question,moderate_agreement,500.0,91.0,0.182,0.254,0.188,0.812,0.16733333333333333,0.8746666666666667,0.7213342222222223,0.5502377998015943,0.7493333333333334
reddit,provide a fact or claim,boundary_subjectivity,500.0,282.0,0.564,0.81,0.526,0.474,0.5526666666666666,0.6493333333333332,0.5055475555555555,0.2907979915830573,0.2986666666666664
reddit,provide an observation,boundary_subjectivity,500.0,119.0,0.238,0.494,0.416,0.584,0.27,0.7226666666666668,0.6057999999999999,0.29646541518687686,0.4453333333333336
reddit,express their opinion,high_base_rate_kappa_paradox,500.0,393.0,0.786,0.91,0.428,0.572,0.726,0.7146666666666668,0.602152,0.28280817464626384,0.42933333333333357
reddit,express others opinions,boundary_subjectivity,500.0,52.0,0.104,0.326,0.306,0.694,0.15,0.796,0.7449999999999999,0.2000000000000005,0.5920000000000001
reddit,money aid allocation,boundary_subjectivity,500.0,65.0,0.13,0.456,0.426,0.574,0.20533333333333334,0.716,0.6736568888888887,0.1297502832737735,0.43199999999999994
reddit,government critique,boundary_subjectivity,500.0,69.0,0.138,0.31,0.266,0.734,0.164,0.8226666666666668,0.725792,0.35328898743532927,0.6453333333333335
reddit,societal critique,boundary_subjectivity,500.0,82.0,0.164,0.442,0.418,0.582,0.21,0.7213333333333333,0.6682000000000001,0.16013662849105836,0.44266666666666654
reddit,solutions/interventions,boundary_subjectivity,500.0,176.0,0.352,0.616,0.51,0.49,0.35800000000000004,0.66,0.5403279999999999,0.2603421570163075,0.32000000000000006
reddit,personal interaction,moderate_agreement,500.0,54.0,0.108,0.218,0.172,0.828,0.124,0.8853333333333334,0.7827519999999999,0.47218539794766107,0.7706666666666668
reddit,media portrayal,sparsity_degeneracy,500.0,2.0,0.004,0.054,0.054,0.946,0.019333333333333334,0.964,0.962080888888889,0.050610656602354975,0.9279999999999999
reddit,not in my backyard,moderate_agreement,500.0,26.0,0.052,0.216,0.212,0.788,0.09066666666666667,0.8586666666666667,0.8351075555555556,0.14287562532344306,0.7173333333333334
reddit,harmful generalization,boundary_subjectivity,500.0,65.0,0.13,0.374,0.342,0.658,0.17866666666666667,0.772,0.7065102222222223,0.22314159720876134,0.544
reddit,deserving/undeserving,sparsity_degeneracy,500.0,8.0,0.016,0.108,0.108,0.892,0.04133333333333333,0.928,0.9207502222222221,0.09148010229261228,0.8560000000000001
reddit,racist,sparsity_degeneracy,500.0,1.0,0.002,0.026,0.026,0.974,0.009333333333333334,0.9826666666666667,0.9815075555555557,0.06268025379734109,0.9653333333333334
news,ask a genuine question,sparsity_degeneracy,382.0,5.0,0.013089005235602094,0.02356020942408377,0.01832460732984293,0.981675392670157,0.013961605584642234,0.9877835951134382,0.9724666416917178,0.5563053097345166,0.9755671902268763
news,ask a rhetorical question,sparsity_degeneracy,382.0,7.0,0.01832460732984293,0.031413612565445025,0.02617801047120419,0.9738219895287958,0.018324607329842934,0.9825479930191972,0.9640223678078998,0.5149206349206354,0.9650959860383943
news,provide a fact or claim,high_base_rate_kappa_paradox,382.0,357.0,0.9345549738219895,0.9790575916230366,0.14136125654450263,0.856020942408377,0.9197207678883071,0.9214659685863874,0.8523310459935005,0.4681750680636906,0.8429319371727748
news,provide an observation,sparsity_degeneracy,382.0,8.0,0.020942408376963352,0.14136125654450263,0.1387434554973822,0.8612565445026178,0.0549738219895288,0.9075043630017451,0.8960965982292151,0.10979202391944791,0.8150087260034902
news,express their opinion,boundary_subjectivity,382.0,62.0,0.16230366492146597,0.38219895287958117,0.35340314136125656,0.6465968586387435,0.19109947643979056,0.7643979057591623,0.6908390669115431,0.23793057587445132,0.5287958115183247
news,express others opinions,boundary_subjectivity,382.0,31.0,0.08115183246073299,0.3586387434554974,0.3507853403141361,0.6492146596858639,0.14921465968586387,0.7661431064572425,0.7461007099586086,0.07893837156995026,0.532286212914485
news,money aid allocation,boundary_subjectivity,382.0,103.0,0.2696335078534031,0.4895287958115183,0.3717277486910995,0.6256544502617801,0.29319371727748694,0.7556719022687608,0.585537677147008,0.4104938271604936,0.5113438045375216
news,government critique,moderate_agreement,382.0,24.0,0.06282722513089005,0.18586387434554974,0.17015706806282724,0.8298429319371727,0.08813263525305409,0.8865619546247819,0.8392694522871877,0.29423468662655705,0.7731239092495639
news,societal critique,moderate_agreement,382.0,18.0,0.04712041884816754,0.193717277486911,0.19109947643979058,0.8089005235602095,0.08115183246073299,0.8726003490401396,0.8508675749020038,0.1457280274484573,0.7452006980802792
news,solutions/interventions,boundary_subjectivity,382.0,184.0,0.4816753926701571,0.7643979057591623,0.612565445026178,0.38481675392670156,0.47382198952879584,0.6858638743455497,0.5013705764644609,0.37000082460625056,0.3717277486910995
news,personal interaction,sparsity_degeneracy,382.0,4.0,0.010471204188481676,0.049738219895287955,0.049738219895287955,0.9502617801047121,0.02006980802792321,0.9668411867364748,0.960665978332709,0.1569940764257257,0.9336823734729496
news,media portrayal,sparsity_degeneracy,382.0,1.0,0.002617801047120419,0.028795811518324606,0.028795811518324606,0.9712041884816754,0.010471204188481674,0.980802792321117,0.9792768838573505,0.07363315696649139,0.961605584642234
news,not in my backyard,sparsity_degeneracy,382.0,0.0,0.0,0.015706806282722512,0.015706806282722512,0.9842931937172775,0.005235602094240837,0.9895287958115183,0.9895836188700968,-0.005263157894744023,0.9790575916230366
news,harmful generalization,sparsity_degeneracy,382.0,4.0,0.010471204188481676,0.06544502617801047,0.06544502617801047,0.9345549738219895,0.025305410122164047,0.9563699825479931,0.9506699073185738,0.11554965578983163,0.9127399650959862
news,deserving/undeserving,sparsity_degeneracy,382.0,2.0,0.005235602094240838,0.05235602094240838,0.05235602094240838,0.9476439790575916,0.019197207678883072,0.9650959860383943,0.962342650207566,0.07311549660304183,0.9301919720767886
news,racist,sparsity_degeneracy,382.0,0.0,0.0,0.028795811518324606,0.028795811518324606,0.9712041884816754,0.009598603839441536,0.980802792321117,0.9809870587124501,-0.009691629955946216,0.961605584642234
meeting_minutes,ask a genuine question,sparsity_degeneracy,364.0,36.0,0.0989010989010989,0.1510989010989011,0.11263736263736264,0.8846153846153846,0.10347985347985349,1.0054945054945055,0.814456453192717,1.0296130239453296,1.010989010989011
meeting_minutes,ask a rhetorical question,sparsity_degeneracy,364.0,11.0,0.03021978021978022,0.06593406593406594,0.06318681318681318,0.9368131868131868,0.03296703296703297,0.9578754578754578,0.936239584591233,0.3393308080808061,0.9157509157509156
meeting_minutes,provide a fact or claim,high_base_rate_kappa_paradox,364.0,351.0,0.9642857142857143,0.9945054945054945,0.28846153846153844,0.7115384615384616,0.8882783882783882,0.8076923076923077,0.8015202136081256,0.031096839614669945,0.6153846153846154
meeting_minutes,provide an observation,sparsity_degeneracy,364.0,10.0,0.027472527472527472,0.13736263736263737,0.13736263736263737,0.8626373626373627,0.054945054945054944,0.9084249084249083,0.8961478082357204,0.11821705426356428,0.8168498168498166
meeting_minutes,express their opinion,boundary_subjectivity,364.0,213.0,0.5851648351648352,0.8461538461538461,0.695054945054945,0.30494505494505497,0.5274725274725275,0.5366300366300366,0.5015094795314575,0.07045381136950905,0.07326007326007322
meeting_minutes,express others opinions,sparsity_degeneracy,364.0,4.0,0.01098901098901099,0.14285714285714285,0.14285714285714285,0.8571428571428571,0.05128205128205129,0.9047619047619047,0.9026955950032873,0.021235521235519937,0.8095238095238093
meeting_minutes,money aid allocation,boundary_subjectivity,364.0,65.0,0.17857142857142858,0.37362637362637363,0.2664835164835165,0.7335164835164835,0.21978021978021978,0.8223443223443223,0.6570462504528438,0.48198356807511733,0.6446886446886446
meeting_minutes,government critique,boundary_subjectivity,364.0,44.0,0.12087912087912088,0.28846153846153844,0.27197802197802196,0.728021978021978,0.14194139194139194,0.8186813186813185,0.7564119336097359,0.25563397252728254,0.6373626373626371
meeting_minutes,societal critique,moderate_agreement,364.0,9.0,0.024725274725274724,0.1813186813186813,0.17857142857142858,0.8214285714285714,0.0695970695970696,0.8809523809523808,0.8704933649988595,0.08076046415250596,0.7619047619047616
meeting_minutes,solutions/interventions,boundary_subjectivity,364.0,171.0,0.4697802197802198,0.8406593406593407,0.7087912087912088,0.29120879120879123,0.4807692307692308,0.5274725274725274,0.5007396449704141,0.0535449735449735,0.05494505494505475
meeting_minutes,personal interaction,sparsity_degeneracy,364.0,11.0,0.03021978021978022,0.10164835164835165,0.10164835164835165,0.8983516483516484,0.04395604395604396,0.9322344322344324,0.9159521796884436,0.19372605363984702,0.8644688644688647
meeting_minutes,media portrayal,sparsity_degeneracy,364.0,1.0,0.0027472527472527475,0.01098901098901099,0.01098901098901099,0.989010989010989,0.004578754578754579,0.9926739926739926,0.9908844208294758,0.19632014719409985,0.9853479853479852
meeting_minutes,not in my backyard,sparsity_degeneracy,364.0,4.0,0.01098901098901099,0.0521978021978022,0.04945054945054945,0.9505494505494505,0.02197802197802198,0.967032967032967,0.9570100229440888,0.23314606741573246,0.9340659340659341
meeting_minutes,harmful generalization,sparsity_degeneracy,364.0,8.0,0.02197802197802198,0.11263736263736264,0.10989010989010989,0.8873626373626373,0.05402930402930403,1.0256410256410258,0.8977797233291738,1.2508408945477227,1.0512820512820515
meeting_minutes,deserving/undeserving,sparsity_degeneracy,364.0,2.0,0.005494505494505495,0.0521978021978022,0.0521978021978022,0.9478021978021978,0.019230769230769232,0.9652014652014653,0.9622781065088757,0.07749766573296445,0.9304029304029307
meeting_minutes,racist,sparsity_degeneracy,364.0,0.0,0.0,0.0027472527472527475,0.0027472527472527475,0.9972527472527473,0.0009157509157509159,0.9981684981684983,0.9981701753679775,-0.0009165902840289259,0.9963369963369966
x,ask a genuine question,sparsity_degeneracy,456.0,15.0,0.03289473684210526,0.08771929824561403,0.07236842105263158,0.9276315789473685,0.04532163742690059,0.9517543859649122,0.9134648267843097,0.4424739416094446,0.9035087719298245
x,ask a rhetorical question,sparsity_degeneracy,456.0,39.0,0.08552631578947369,0.13157894736842105,0.09429824561403509,0.9057017543859649,0.08479532163742691,0.9371345029239766,0.8447898498683357,0.594965296904263,0.8742690058479532
x,provide a fact or claim,high_base_rate_kappa_paradox,456.0,430.0,0.9429824561403509,0.9868421052631579,0.19078947368421054,0.8092105263157895,0.9086257309941521,0.8728070175438597,0.8339499760610103,0.23400804505229283,0.7456140350877194
x,provide an observation,sparsity_degeneracy,456.0,11.0,0.02412280701754386,0.14912280701754385,0.1425438596491228,0.8574561403508771,0.05994152046783626,0.9049707602339181,0.8873029308163194,0.15677274968706228,0.8099415204678362
x,express their opinion,boundary_subjectivity,456.0,239.0,0.5241228070175439,0.7258771929824561,0.4824561403508772,0.5175438596491229,0.49780701754385964,0.6783625730994152,0.500009618344106,0.35671277148298464,0.35672514619883033
x,express others opinions,moderate_agreement,456.0,25.0,0.05482456140350877,0.22807017543859648,0.2236842105263158,0.7763157894736842,0.09576023391812866,0.8508771929824561,0.826819576963852,0.13891648719198801,0.7017543859649122
x,money aid allocation,moderate_agreement,456.0,76.0,0.16666666666666666,0.2982456140350877,0.2149122807017544,0.7850877192982456,0.1827485380116959,0.8567251461988304,0.7012969802674327,0.5203434704830056,0.7134502923976609
x,government critique,moderate_agreement,456.0,66.0,0.14473684210526316,0.2807017543859649,0.23464912280701755,0.7653508771929824,0.15716374269005848,0.8435672514619882,0.7350733986525768,0.4095241937110467,0.6871345029239764
x,societal critique,boundary_subjectivity,456.0,43.0,0.09429824561403509,0.3333333333333333,0.3223684210526316,0.6776315789473685,0.14619883040935672,0.7850877192982456,0.7503505352074143,0.139143835616438,0.5701754385964912
x,solutions/interventions,boundary_subjectivity,456.0,147.0,0.3223684210526316,0.5986842105263158,0.4956140350877193,0.5043859649122807,0.34137426900584794,0.6695906432748537,0.5503242450668582,0.26522754873837523,0.3391812865497075
x,personal interaction,sparsity_degeneracy,456.0,11.0,0.02412280701754386,0.09210526315789473,0.08114035087719298,0.918859649122807,0.042397660818713455,0.9459064327485381,0.9187998016483705,0.3338246907080822,0.8918128654970763
x,media portrayal,moderate_agreement,456.0,7.0,0.015350877192982455,0.16885964912280702,0.16666666666666666,0.8333333333333334,0.062134502923976605,0.8888888888888888,0.8834523870592661,0.046646187703451976,0.7777777777777777
x,not in my backyard,sparsity_degeneracy,456.0,12.0,0.02631578947368421,0.09649122807017543,0.09429824561403509,0.9057017543859649,0.041666666666666664,0.9371345029239767,0.9201388888888891,0.21281464530892405,0.8742690058479534
x,harmful generalization,moderate_agreement,456.0,41.0,0.08991228070175439,0.23684210526315788,0.21052631578947367,0.7894736842105263,0.11769005847953216,0.8596491228070176,0.7923217827707671,0.32419066830651405,0.7192982456140351
x,deserving/undeserving,sparsity_degeneracy,456.0,11.0,0.02412280701754386,0.11403508771929824,0.10964912280701754,0.8903508771929824,0.04751461988304093,0.9269005847953216,0.9094860384391779,0.19239624535096445,0.8538011695906431
x,racist,sparsity_degeneracy,456.0,4.0,0.008771929824561403,0.04824561403508772,0.041666666666666664,0.9583333333333334,0.021198830409356727,0.9722222222222223,0.9585011200027358,0.3306378924055561,0.9444444444444446
